country,iso2,iso3,iso_numeric,g_whoregion,year,report_frequency,report_coverage,m_01,m_02,m_03,m_04,m_05,m_06,m_07,m_08,m_09,m_10,m_11,m_12,q_1,q_2,q_3,q_4
Albania,AL,ALB,8,EUR,2020,71,34.0,20.0,20.0,20.0,27.0,26.0,26.0,19.0,19.0,18.0,15.0,15.0,15.0,60.0,79.0,56.0,45.0
Albania,AL,ALB,8,EUR,2021,70,34.0,17.0,11.0,20.0,27.0,28.0,24.0,34.0,22.0,29.0,22.0,21.0,14.0,48.0,79.0,85.0,57.0
Albania,AL,ALB,8,EUR,2022,70,34.0,17.0,26.0,25.0,19.0,26.0,25.0,26.0,25.0,19.0,22.0,22.0,21.0,68.0,70.0,70.0,65.0
Albania,AL,ALB,8,EUR,2023,70,34.0,27.0,19.0,29.0,22.0,0.0,0.0,0.0,0.0,0.0,0.0,0.0,0.0,75.0,0.0,0.0,0.0
Andorra,AD,AND,20,EUR,2020,70,34.0,0.0,1.0,0.0,0.0,0.0,0.0,1.0,0.0,0.0,0.0,0.0,0.0,1.0,0.0,1.0,0.0
Andorra,AD,AND,20,EUR,2021,70,34.0,0.0,0.0,0.0,0.0,1.0,0.0,1.0,0.0,0.0,0.0,0.0,0.0,0.0,1.0,1.0,0.0
Andorra,AD,AND,20,EUR,2022,71,34.0,1.0,0.0,0.0,1.0,0.0,0.0,1.0,1.0,0.0,0.0,0.0,0.0,1.0,1.0,2.0,0.0
Andorra,AD,AND,20,EUR,2023,71,,1.0,0.0,0.0,1.0,0.0,0.0,0.0,0.0,0.0,0.0,0.0,0.0,1.0,1.0,0.0,0.0
Angola,AO,AGO,24,AFR,2020,71,35.0,6055.0,6055.0,6054.0,5550.0,5550.0,5550.0,5367.0,5367.0,5367.0,4781.0,4781.0,4780.0,18164.0,16650.0,16101.0,14342.0
Angola,AO,AGO,24,AFR,2021,71,35.0,6534.0,6533.0,6533.0,4994.0,4994.0,4994.0,4404.0,4404.0,4403.0,0.0,0.0,0.0,19600.0,14982.0,13211.0,0.0
Angola,AO,AGO,24,AFR,2022,71,35.0,4705.0,4705.0,4705.0,6174.0,6173.0,6173.0,6752.0,6751.0,6751.0,5316.0,5316.0,5315.0,14115.0,18520.0,20254.0,15947.0
Angola,AO,AGO,24,AFR,2023,71,35.0,5869.0,5869.0,5869.0,4802.0,4802.0,4801.0,0.0,0.0,0.0,0.0,0.0,0.0,17607.0,14405.0,0.0,0.0
Antigua and Barbuda,AG,ATG,28,AMR,2020,71,34.0,0.0,0.0,0.0,1.0,0.0,0.0,1.0,0.0,0.0,0.0,0.0,0.0,0.0,1.0,1.0,0.0
Antigua and Barbuda,AG,ATG,28,AMR,2021,71,34.0,1.0,1.0,0.0,1.0,0.0,0.0,1.0,0.0,0.0,0.0,0.0,0.0,2.0,1.0,1.0,0.0
Antigua and Barbuda,AG,ATG,28,AMR,2022,71,34.0,0.0,0.0,0.0,0.0,0.0,0.0,1.0,0.0,0.0,0.0,0.0,0.0,0.0,0.0,1.0,0.0
Antigua and Barbuda,AG,ATG,28,AMR,2023,71,34.0,0.0,0.0,0.0,1.0,0.0,0.0,0.0,0.0,0.0,0.0,0.0,0.0,0.0,1.0,0.0,0.0
Argentina,AR,ARG,32,AMR,2020,70,34.0,1215.0,908.0,857.0,774.0,762.0,731.0,704.0,825.0,748.0,774.0,756.0,714.0,2980.0,2267.0,2277.0,2244.0
Argentina,AR,ARG,32,AMR,2021,70,34.0,926.0,835.0,992.0,857.0,736.0,844.0,938.0,1090.0,1206.0,1027.0,1042.0,718.0,2753.0,2437.0,3234.0,2787.0
Argentina,AR,ARG,32,AMR,2022,70,34.0,798.0,929.0,1223.0,1206.0,1235.0,1121.0,1198.0,1516.0,1526.0,1451.0,1415.0,1026.0,2950.0,3562.0,4240.0,3892.0
Argentina,AR,ARG,32,AMR,2023,70,34.0,1365.0,1005.0,1354.0,1098.0,1142.0,698.0,0.0,0.0,0.0,0.0,0.0,0.0,3724.0,2938.0,0.0,0.0
Armenia,AM,ARM,51,EUR,2020,70,34.0,45.0,48.0,55.0,16.0,25.0,31.0,34.0,24.0,34.0,29.0,23.0,30.0,148.0,72.0,92.0,82.0
Armenia,AM,ARM,51,EUR,2021,70,34.0,20.0,36.0,38.0,30.0,26.0,35.0,36.0,0.0,0.0,0.0,0.0,0.0,94.0,91.0,0.0,0.0
Armenia,AM,ARM,51,EUR,2022,70,34.0,41.0,35.0,37.0,25.0,42.0,32.0,28.0,39.0,34.0,34.0,40.0,53.0,113.0,99.0,101.0,127.0
Armenia,AM,ARM,51,EUR,2023,70,34.0,26.0,41.0,41.0,31.0,43.0,38.0,29.0,0.0,0.0,0.0,0.0,0.0,108.0,112.0,0.0,0.0
Aruba,AW,ABW,533,AMR,2021,70,34.0,0.0,0.0,0.0,0.0,0.0,0.0,0.0,0.0,0.0,0.0,0.0,0.0,0.0,0.0,0.0,0.0
Aruba,AW,ABW,533,AMR,2022,70,34.0,0.0,0.0,1.0,1.0,0.0,0.0,0.0,0.0,0.0,0.0,0.0,0.0,1.0,0.0,0.0,0.0
Aruba,AW,ABW,533,AMR,2023,71,34.0,1.0,0.0,0.0,0.0,0.0,0.0,0.0,0.0,0.0,0.0,0.0,0.0,1.0,0.0,0.0,0.0
Azerbaijan,AZ,AZE,31,EUR,2020,70,,359.0,424.0,417.0,310.0,257.0,342.0,267.0,279.0,247.0,270.0,241.0,267.0,1200.0,909.0,793.0,778.0
Azerbaijan,AZ,AZE,31,EUR,2021,70,34.0,176.0,242.0,216.0,242.0,296.0,312.0,329.0,342.0,376.0,383.0,354.0,346.0,634.0,850.0,1047.0,1083.0
Azerbaijan,AZ,AZE,31,EUR,2022,70,34.0,288.0,322.0,310.0,411.0,341.0,340.0,334.0,356.0,329.0,345.0,323.0,290.0,920.0,1092.0,1019.0,958.0
Bahamas,BS,BHS,44,AMR,2020,71,34.0,4.0,4.0,3.0,2.0,2.0,1.0,4.0,3.0,3.0,2.0,2.0,2.0,11.0,5.0,10.0,6.0
Bahamas,BS,BHS,44,AMR,2021,70,34.0,2.0,3.0,9.0,8.0,4.0,4.0,4.0,1.0,1.0,0.0,3.0,6.0,14.0,16.0,6.0,9.0
Bahamas,BS,BHS,44,AMR,2022,70,34.0,4.0,2.0,4.0,7.0,5.0,6.0,6.0,4.0,1.0,4.0,2.0,4.0,10.0,18.0,11.0,10.0
Bahamas,BS,BHS,44,AMR,2023,71,34.0,3.0,2.0,2.0,3.0,3.0,2.0,0.0,0.0,0.0,0.0,0.0,0.0,7.0,8.0,0.0,0.0
Bangladesh,BD,BGD,50,SEA,2020,71,34.0,23841.0,23840.0,23840.0,9416.0,9415.0,9415.0,20166.0,20166.0,20165.0,23276.0,23275.0,23275.0,71521.0,28246.0,60497.0,69826.0
Bangladesh,BD,BGD,50,SEA,2021,71,34.0,24778.0,24777.0,24777.0,25336.0,25336.0,25335.0,25674.0,25674.0,25673.0,26386.0,26386.0,26385.0,74332.0,76007.0,77021.0,79157.0
Bangladesh,BD,BGD,50,SEA,2022,71,34.0,23229.0,23229.0,23229.0,18676.0,18676.0,18676.0,22275.0,22275.0,22274.0,23529.0,23529.0,23529.0,69687.0,56028.0,66824.0,70587.0
Bangladesh,BD,BGD,50,SEA,2023,71,34.0,24918.0,24918.0,24918.0,24578.0,24577.0,24577.0,0.0,0.0,0.0,0.0,0.0,0.0,74754.0,73732.0,0.0,0.0
Barbados,BB,BRB,52,AMR,2022,71,34.0,0.0,0.0,0.0,0.0,0.0,0.0,1.0,1.0,1.0,0.0,0.0,0.0,0.0,0.0,3.0,0.0
Belarus,BY,BLR,112,EUR,2020,70,34.0,195.0,164.0,181.0,136.0,98.0,88.0,103.0,105.0,136.0,137.0,133.0,86.0,540.0,322.0,344.0,356.0
Belarus,BY,BLR,112,EUR,2021,70,34.0,92.0,107.0,139.0,165.0,136.0,146.0,117.0,121.0,121.0,95.0,119.0,124.0,338.0,447.0,359.0,338.0
Belarus,BY,BLR,112,EUR,2022,70,34.0,139.0,132.0,163.0,169.0,142.0,163.0,115.0,114.0,123.0,130.0,154.0,139.0,434.0,474.0,352.0,423.0
Belarus,BY,BLR,112,EUR,2023,70,34.0,130.0,145.0,135.0,123.0,158.0,129.0,115.0,146.0,0.0,0.0,0.0,0.0,410.0,410.0,0.0,0.0
Belize,BZ,BLZ,84,AMR,2020,70,,7.0,9.0,12.0,10.0,6.0,10.0,5.0,3.0,5.0,2.0,9.0,3.0,28.0,26.0,13.0,14.0
Belize,BZ,BLZ,84,AMR,2021,70,34.0,2.0,5.0,7.0,6.0,5.0,11.0,6.0,3.0,0.0,3.0,7.0,3.0,14.0,22.0,9.0,13.0
Belize,BZ,BLZ,84,AMR,2022,71,34.0,5.0,4.0,4.0,8.0,8.0,8.0,8.0,8.0,7.0,6.0,6.0,6.0,13.0,24.0,23.0,18.0
Belize,BZ,BLZ,84,AMR,2023,70,34.0,5.0,13.0,5.0,6.0,7.0,8.0,5.0,8.0,0.0,0.0,0.0,0.0,23.0,21.0,0.0,0.0
Benin,BJ,BEN,204,AFR,2021,71,34.0,345.0,345.0,345.0,308.0,307.0,307.0,282.0,281.0,281.0,304.0,303.0,303.0,1035.0,922.0,844.0,910.0
Benin,BJ,BEN,204,AFR,2022,71,34.0,350.0,350.0,349.0,336.0,336.0,335.0,0.0,0.0,0.0,0.0,0.0,0.0,1049.0,1007.0,0.0,0.0
Bolivia (Plurinational State of),BO,BOL,68,AMR,2020,71,35.0,596.0,596.0,595.0,345.0,345.0,345.0,363.0,363.0,362.0,673.0,673.0,672.0,1787.0,1035.0,1088.0,2018.0
Bolivia (Plurinational State of),BO,BOL,68,AMR,2021,71,34.0,514.0,513.0,513.0,520.0,519.0,519.0,597.0,597.0,597.0,0.0,0.0,0.0,1540.0,1558.0,1791.0,0.0
Bolivia (Plurinational State of),BO,BOL,68,AMR,2023,71,34.0,706.0,706.0,705.0,747.0,746.0,746.0,0.0,0.0,0.0,0.0,0.0,0.0,2117.0,2239.0,0.0,0.0
Bosnia and Herzegovina,BA,BIH,70,EUR,2023,70,34.0,22.0,39.0,30.0,0.0,0.0,0.0,0.0,0.0,0.0,0.0,0.0,0.0,91.0,0.0,0.0,0.0
Botswana,BW,BWA,72,AFR,2021,71,34.0,231.0,230.0,230.0,203.0,203.0,202.0,175.0,175.0,175.0,107.0,107.0,106.0,691.0,608.0,525.0,320.0
Botswana,BW,BWA,72,AFR,2022,70,35.0,252.0,216.0,283.0,215.0,204.0,205.0,153.0,146.0,114.0,12.0,0.0,0.0,751.0,624.0,413.0,0.0
Brazil,BR,BRA,76,AMR,2020,70,34.0,8359.0,7027.0,8221.0,5910.0,5430.0,6117.0,6755.0,6634.0,7033.0,6778.0,5879.0,4495.0,23607.0,17457.0,20422.0,17152.0
Bulgaria,BG,BGR,100,EUR,2020,70,,110.0,93.0,79.0,76.0,72.0,63.0,0.0,0.0,0.0,0.0,0.0,0.0,282.0,211.0,0.0,0.0
Burkina Faso,BF,BFA,854,AFR,2021,71,34.0,544.0,544.0,544.0,567.0,567.0,566.0,589.0,589.0,588.0,0.0,0.0,0.0,1632.0,1700.0,1766.0,0.0
Burkina Faso,BF,BFA,854,AFR,2022,71,34.0,574.0,573.0,573.0,633.0,632.0,632.0,520.0,520.0,519.0,573.0,573.0,572.0,1720.0,1897.0,1559.0,1718.0
Burkina Faso,BF,BFA,854,AFR,2023,71,,621.0,620.0,620.0,0.0,0.0,0.0,0.0,0.0,0.0,0.0,0.0,0.0,1861.0,0.0,0.0,0.0
Burundi,BI,BDI,108,AFR,2021,71,34.0,608.0,608.0,607.0,598.0,598.0,598.0,571.0,571.0,571.0,515.0,515.0,514.0,1823.0,1794.0,1713.0,1544.0
Burundi,BI,BDI,108,AFR,2022,71,,624.0,623.0,623.0,632.0,631.0,631.0,0.0,0.0,0.0,0.0,0.0,0.0,1870.0,1894.0,0.0,0.0
Burundi,BI,BDI,108,AFR,2023,71,34.0,678.0,677.0,677.0,0.0,0.0,0.0,0.0,0.0,0.0,0.0,0.0,0.0,2032.0,0.0,0.0,0.0
Cabo Verde,CV,CPV,132,AFR,2021,71,35.0,11.0,10.0,10.0,0.0,0.0,0.0,0.0,0.0,0.0,0.0,0.0,0.0,31.0,0.0,0.0,0.0
Cambodia,KH,KHM,116,WPR,2020,70,,2768.0,2686.0,2207.0,1737.0,2286.0,2388.0,3139.0,2430.0,2471.0,2492.0,2374.0,2145.0,7661.0,6411.0,8040.0,7011.0
Cambodia,KH,KHM,116,WPR,2021,70,34.0,2119.0,2264.0,2220.0,1318.0,1584.0,1451.0,1290.0,1348.0,1635.0,1653.0,2362.0,2418.0,6603.0,4353.0,4273.0,6433.0
Cambodia,KH,KHM,116,WPR,2022,70,34.0,2216.0,2260.0,2386.0,2338.0,2956.0,3065.0,3221.0,3431.0,2405.0,2722.0,2766.0,2685.0,6862.0,8359.0,9057.0,8173.0
Cambodia,KH,KHM,116,WPR,2023,70,34.0,2788.0,2700.0,2802.0,1789.0,2563.0,2211.0,0.0,0.0,0.0,0.0,0.0,0.0,8290.0,6563.0,0.0,0.0
Cameroon,CM,CMR,120,AFR,2021,71,35.0,1917.0,1917.0,1917.0,1833.0,1832.0,1832.0,1893.0,1892.0,1892.0,1939.0,1938.0,1938.0,5751.0,5497.0,5677.0,5815.0
Cameroon,CM,CMR,120,AFR,2022,71,35.0,2076.0,2076.0,2075.0,1889.0,1889.0,1889.0,2187.0,2186.0,2186.0,2331.0,2331.0,2331.0,6227.0,5667.0,6559.0,6993.0
Cameroon,CM,CMR,120,AFR,2023,71,35.0,2063.0,2063.0,2063.0,2169.0,2169.0,2169.0,0.0,0.0,0.0,0.0,0.0,0.0,6189.0,6507.0,0.0,0.0
Central African Republic,CF,CAF,140,AFR,2021,71,35.0,1036.0,1036.0,1035.0,1044.0,1044.0,1044.0,0.0,0.0,0.0,0.0,0.0,0.0,3107.0,3132.0,0.0,0.0
Chad,TD,TCD,148,AFR,2021,71,34.0,1045.0,1045.0,1045.0,1134.0,1134.0,1133.0,1114.0,1113.0,1113.0,1186.0,1185.0,1185.0,3135.0,3401.0,3340.0,3556.0
Chad,TD,TCD,148,AFR,2022,71,34.0,1289.0,1288.0,1288.0,1238.0,1237.0,1237.0,1118.0,1117.0,1117.0,1255.0,1255.0,1254.0,3865.0,3712.0,3352.0,3764.0
Chile,CL,CHL,152,AMR,2020,70,34.0,254.0,236.0,221.0,156.0,125.0,151.0,151.0,202.0,217.0,215.0,226.0,197.0,711.0,432.0,570.0,638.0
Chile,CL,CHL,152,AMR,2021,70,34.0,198.0,194.0,220.0,203.0,200.0,197.0,242.0,269.0,244.0,234.0,220.0,238.0,612.0,600.0,755.0,692.0
Chile,CL,CHL,152,AMR,2022,70,34.0,225.0,157.0,234.0,238.0,277.0,245.0,228.0,284.0,242.0,244.0,217.0,214.0,616.0,760.0,754.0,675.0
Chile,CL,CHL,152,AMR,2023,70,34.0,225.0,238.0,253.0,193.0,0.0,0.0,0.0,0.0,0.0,0.0,0.0,0.0,716.0,0.0,0.0,0.0
China,CN,CHN,156,WPR,2020,70,34.0,47506.0,31538.0,51538.0,60142.0,58528.0,59628.0,58329.0,53641.0,52930.0,47619.0,48880.0,44990.0,130582.0,178298.0,164900.0,141489.0
China,CN,CHN,156,WPR,2021,70,34.0,45492.0,38903.0,56716.0,56537.0,52813.0,51859.0,53799.0,47705.0,47597.0,43090.0,43344.0,43369.0,141111.0,161209.0,149101.0,129803.0
China,CN,CHN,156,WPR,2022,70,34.0,39848.0,34066.0,52041.0,43266.0,44403.0,49666.0,49144.0,50841.0,45690.0,36712.0,36063.0,27598.0,125955.0,137335.0,145675.0,100373.0
Colombia,CO,COL,170,AMR,2020,70,,1108.0,1222.0,1240.0,912.0,960.0,810.0,796.0,805.0,975.0,1062.0,969.0,878.0,3570.0,2682.0,2576.0,2909.0
Colombia,CO,COL,170,AMR,2021,70,,702.0,901.0,1144.0,1036.0,1043.0,953.0,1085.0,1241.0,1402.0,1374.0,1276.0,1122.0,2747.0,3032.0,3728.0,3772.0
Colombia,CO,COL,170,AMR,2022,70,34.0,985.0,1205.0,1450.0,1485.0,1574.0,1498.0,1498.0,1606.0,1551.0,1502.0,1561.0,1537.0,3640.0,4557.0,4655.0,4600.0
Colombia,CO,COL,170,AMR,2023,70,34.0,1365.0,1540.0,1894.0,0.0,0.0,0.0,0.0,0.0,0.0,0.0,0.0,0.0,4799.0,0.0,0.0,0.0
Costa Rica,CR,CRI,188,AMR,2020,70,35.0,36.0,40.0,25.0,32.0,38.0,30.0,30.0,28.0,20.0,20.0,22.0,14.0,101.0,100.0,78.0,56.0
Costa Rica,CR,CRI,188,AMR,2021,70,,21.0,31.0,28.0,38.0,17.0,27.0,29.0,21.0,19.0,23.0,18.0,7.0,80.0,82.0,69.0,48.0
Costa Rica,CR,CRI,188,AMR,2022,70,34.0,20.0,22.0,28.0,30.0,27.0,23.0,33.0,20.0,18.0,25.0,31.0,26.0,70.0,80.0,71.0,82.0
Costa Rica,CR,CRI,188,AMR,2023,70,35.0,12.0,22.0,28.0,0.0,0.0,0.0,0.0,0.0,0.0,0.0,0.0,0.0,62.0,0.0,0.0,0.0
Côte d'Ivoire,CI,CIV,384,AFR,2021,71,34.0,1611.0,1611.0,1610.0,1768.0,1768.0,1767.0,1753.0,1753.0,1752.0,1764.0,1764.0,1763.0,4832.0,5303.0,5258.0,5291.0
Côte d'Ivoire,CI,CIV,384,AFR,2022,71,34.0,1835.0,1834.0,1834.0,1738.0,1738.0,1738.0,1775.0,1775.0,1775.0,1800.0,1800.0,1800.0,5503.0,5214.0,5325.0,5400.0
Côte d'Ivoire,CI,CIV,384,AFR,2023,71,,1977.0,1977.0,1976.0,0.0,0.0,0.0,0.0,0.0,0.0,0.0,0.0,0.0,5930.0,0.0,0.0,0.0
Croatia,HR,HRV,191,EUR,2023,70,34.0,17.0,5.0,14.0,0.0,0.0,0.0,0.0,0.0,0.0,0.0,0.0,0.0,36.0,0.0,0.0,0.0
Cuba,CU,CUB,192,AMR,2020,70,,49.0,58.0,41.0,56.0,31.0,49.0,70.0,33.0,57.0,43.0,45.0,48.0,148.0,136.0,160.0,136.0
Cuba,CU,CUB,192,AMR,2021,70,34.0,32.0,33.0,63.0,37.0,53.0,40.0,26.0,19.0,30.0,0.0,0.0,0.0,128.0,130.0,75.0,0.0
Cuba,CU,CUB,192,AMR,2022,70,,41.0,59.0,95.0,68.0,43.0,70.0,42.0,53.0,42.0,58.0,87.0,57.0,195.0,181.0,137.0,202.0
Cuba,CU,CUB,192,AMR,2023,70,,34.0,55.0,44.0,0.0,0.0,0.0,0.0,0.0,0.0,0.0,0.0,0.0,133.0,0.0,0.0,0.0
Democratic People's Republic of Korea,KP,PRK,408,SEA,2020,71,,6652.0,6652.0,6652.0,9563.0,9563.0,9563.0,8996.0,8996.0,8995.0,7579.0,7579.0,7579.0,19956.0,28689.0,26987.0,22737.0
Democratic People's Republic of Korea,KP,PRK,408,SEA,2021,71,,6089.0,6088.0,6088.0,7275.0,7274.0,7274.0,8577.0,8577.0,8576.0,7199.0,7198.0,7198.0,18265.0,21823.0,25730.0,21595.0
Democratic People's Republic of Korea,KP,PRK,408,SEA,2022,71,,6046.0,6046.0,6045.0,8154.0,8154.0,8154.0,7324.0,7323.0,7323.0,5736.0,5736.0,5735.0,18137.0,24462.0,21970.0,17207.0
Democratic Republic of the Congo,CD,COD,180,AFR,2020,71,35.0,16502.0,16501.0,16501.0,16127.0,16127.0,16127.0,16918.0,16918.0,16917.0,16952.0,16951.0,16951.0,49504.0,48381.0,50753.0,50854.0
Democratic Republic of the Congo,CD,COD,180,AFR,2021,71,34.0,17822.0,17822.0,17822.0,18346.0,18346.0,18346.0,17661.0,17661.0,17661.0,17965.0,17964.0,17964.0,53466.0,55038.0,52983.0,53893.0
Democratic Republic of the Congo,CD,COD,180,AFR,2023,71,35.0,20248.0,20247.0,20247.0,21472.0,21471.0,21471.0,0.0,0.0,0.0,0.0,0.0,0.0,60742.0,64414.0,0.0,0.0
Denmark,DK,DNK,208,EUR,2020,70,,19.0,25.0,19.0,15.0,19.0,20.0,0.0,0.0,0.0,0.0,0.0,0.0,63.0,54.0,0.0,0.0
Denmark,DK,DNK,208,EUR,2022,70,34.0,15.0,19.0,28.0,16.0,23.0,28.0,17.0,8.0,12.0,18.0,9.0,10.0,62.0,67.0,37.0,37.0
Dominica,DM,DMA,212,AMR,2020,70,,5.0,8.0,3.0,1.0,3.0,0.0,1.0,0.0,1.0,0.0,0.0,0.0,16.0,4.0,2.0,0.0
Dominica,DM,DMA,212,AMR,2021,70,,0.0,0.0,0.0,0.0,0.0,0.0,0.0,0.0,0.0,0.0,0.0,0.0,0.0,0.0,0.0,0.0
Dominica,DM,DMA,212,AMR,2022,70,34.0,0.0,0.0,0.0,0.0,0.0,0.0,0.0,0.0,0.0,0.0,0.0,0.0,0.0,0.0,0.0,0.0
Dominican Republic,DO,DOM,214,AMR,2020,70,34.0,327.0,284.0,200.0,95.0,161.0,179.0,168.0,155.0,226.0,219.0,184.0,132.0,811.0,435.0,549.0,535.0
Dominican Republic,DO,DOM,214,AMR,2021,70,34.0,232.0,257.0,339.0,330.0,303.0,253.0,311.0,332.0,314.0,301.0,268.0,256.0,828.0,886.0,957.0,825.0
Dominican Republic,DO,DOM,214,AMR,2022,70,34.0,286.0,371.0,507.0,371.0,437.0,362.0,383.0,349.0,325.0,327.0,284.0,226.0,1164.0,1170.0,1057.0,837.0
Dominican Republic,DO,DOM,214,AMR,2023,70,34.0,392.0,393.0,419.0,392.0,414.0,368.0,385.0,319.0,312.0,212.0,0.0,0.0,1204.0,1174.0,1016.0,0.0
Ecuador,EC,ECU,218,AMR,2020,71,34.0,533.0,533.0,533.0,273.0,273.0,272.0,462.0,462.0,462.0,489.0,488.0,488.0,1599.0,818.0,1386.0,1465.0
Ecuador,EC,ECU,218,AMR,2021,71,34.0,417.0,417.0,417.0,409.0,409.0,409.0,591.0,591.0,591.0,0.0,0.0,0.0,1251.0,1227.0,1773.0,0.0
Ecuador,EC,ECU,218,AMR,2022,71,34.0,517.0,516.0,516.0,552.0,552.0,551.0,565.0,564.0,564.0,521.0,521.0,521.0,1549.0,1655.0,1693.0,1563.0
Ecuador,EC,ECU,218,AMR,2023,71,34.0,545.0,545.0,545.0,551.0,551.0,550.0,0.0,0.0,0.0,0.0,0.0,0.0,1635.0,1652.0,0.0,0.0
El Salvador,SV,SLV,222,AMR,2020,71,34.0,263.0,262.0,262.0,123.0,123.0,122.0,121.0,121.0,120.0,174.0,173.0,173.0,787.0,368.0,362.0,520.0
El Salvador,SV,SLV,222,AMR,2021,70,34.0,176.0,167.0,0.0,0.0,0.0,0.0,0.0,0.0,0.0,0.0,0.0,0.0,0.0,0.0,0.0,0.0
El Salvador,SV,SLV,222,AMR,2022,71,35.0,132.0,132.0,131.0,163.0,162.0,162.0,216.0,215.0,215.0,0.0,0.0,0.0,395.0,487.0,646.0,0.0
Equatorial Guinea,GQ,GNQ,226,AFR,2021,70,34.0,155.0,135.0,0.0,0.0,0.0,0.0,0.0,0.0,0.0,0.0,0.0,0.0,0.0,0.0,0.0,0.0
Equatorial Guinea,GQ,GNQ,226,AFR,2022,70,35.0,164.0,202.0,225.0,194.0,218.0,0.0,0.0,0.0,0.0,0.0,0.0,0.0,591.0,0.0,0.0,0.0
Eritrea,ER,ERI,232,AFR,2021,71,34.0,106.0,106.0,105.0,0.0,0.0,0.0,0.0,0.0,0.0,0.0,0.0,0.0,317.0,0.0,0.0,0.0
Estonia,EE,EST,233,EUR,2020,70,34.0,12.0,10.0,8.0,6.0,9.0,11.0,16.0,8.0,8.0,12.0,16.0,3.0,30.0,26.0,32.0,31.0
Estonia,EE,EST,233,EUR,2021,70,34.0,8.0,10.0,13.0,9.0,6.0,5.0,11.0,9.0,3.0,13.0,12.0,0.0,31.0,20.0,23.0,0.0
Estonia,EE,EST,233,EUR,2022,70,34.0,11.0,10.0,11.0,7.0,11.0,13.0,10.0,12.0,11.0,15.0,6.0,6.0,32.0,31.0,33.0,27.0
Estonia,EE,EST,233,EUR,2023,70,34.0,9.0,6.0,8.0,0.0,0.0,0.0,0.0,0.0,0.0,0.0,0.0,0.0,23.0,0.0,0.0,0.0
Eswatini,SZ,SWZ,748,AFR,2021,71,34.0,158.0,158.0,157.0,168.0,167.0,167.0,176.0,175.0,175.0,154.0,153.0,153.0,473.0,502.0,526.0,460.0
Eswatini,SZ,SWZ,748,AFR,2022,71,34.0,177.0,177.0,177.0,177.0,177.0,176.0,233.0,232.0,232.0,181.0,181.0,180.0,531.0,530.0,697.0,542.0
Eswatini,SZ,SWZ,748,AFR,2023,71,,166.0,166.0,166.0,162.0,162.0,161.0,0.0,0.0,0.0,0.0,0.0,0.0,498.0,485.0,0.0,0.0
Ethiopia,ET,ETH,231,AFR,2020,71,35.0,9627.0,9626.0,9626.0,7374.0,7374.0,7374.0,8278.0,8277.0,8277.0,8778.0,8778.0,8778.0,28879.0,22122.0,24832.0,26334.0
Ethiopia,ET,ETH,231,AFR,2021,71,35.0,8588.0,8588.0,8588.0,8720.0,8720.0,8719.0,8677.0,8677.0,8677.0,8598.0,8598.0,8597.0,25764.0,26159.0,26031.0,25793.0
Ethiopia,ET,ETH,231,AFR,2022,71,35.0,9784.0,9784.0,9784.0,10344.0,10344.0,10344.0,10279.0,10279.0,10278.0,10718.0,10718.0,10717.0,29352.0,31032.0,30836.0,32153.0
Ethiopia,ET,ETH,231,AFR,2023,70,35.0,10193.0,11069.0,11101.0,0.0,0.0,0.0,0.0,0.0,0.0,0.0,0.0,0.0,32363.0,0.0,0.0,0.0
Finland,FI,FIN,246,EUR,2020,70,34.0,19.0,17.0,14.0,9.0,11.0,13.0,17.0,13.0,20.0,10.0,19.0,12.0,50.0,33.0,50.0,41.0
Finland,FI,FIN,246,EUR,2021,70,34.0,21.0,11.0,16.0,11.0,11.0,21.0,11.0,15.0,8.0,11.0,14.0,8.0,48.0,43.0,34.0,33.0
Finland,FI,FIN,246,EUR,2022,70,34.0,16.0,9.0,10.0,26.0,11.0,16.0,18.0,19.0,15.0,23.0,19.0,10.0,35.0,53.0,52.0,52.0
Finland,FI,FIN,246,EUR,2023,70,34.0,6.0,17.0,8.0,0.0,0.0,0.0,0.0,0.0,0.0,0.0,0.0,0.0,31.0,0.0,0.0,0.0
France,FR,FRA,250,EUR,2020,70,34.0,380.0,397.0,355.0,370.0,396.0,409.0,445.0,344.0,414.0,359.0,339.0,347.0,1132.0,1175.0,1203.0,1045.0
France,FR,FRA,250,EUR,2021,70,34.0,319.0,353.0,410.0,387.0,321.0,453.0,373.0,354.0,363.0,306.0,358.0,259.0,1082.0,1161.0,1090.0,923.0
France,FR,FRA,250,EUR,2022,70,,325.0,330.0,424.0,336.0,389.0,359.0,316.0,356.0,328.0,289.0,325.0,334.0,1079.0,1084.0,1000.0,948.0
Gabon,GA,GAB,266,AFR,2021,71,35.0,438.0,438.0,437.0,430.0,430.0,430.0,424.0,424.0,423.0,400.0,400.0,399.0,1313.0,1290.0,1271.0,1199.0
Gabon,GA,GAB,266,AFR,2022,71,35.0,455.0,455.0,454.0,518.0,518.0,518.0,572.0,572.0,571.0,556.0,555.0,555.0,1364.0,1554.0,1715.0,1666.0
Gabon,GA,GAB,266,AFR,2023,71,,239.0,239.0,238.0,0.0,0.0,0.0,0.0,0.0,0.0,0.0,0.0,0.0,716.0,0.0,0.0,0.0
Gambia,GM,GMB,270,AFR,2021,70,35.0,185.0,165.0,205.0,197.0,178.0,228.0,143.0,165.0,166.0,178.0,239.0,169.0,555.0,603.0,474.0,586.0
Gambia,GM,GMB,270,AFR,2022,70,34.0,172.0,178.0,234.0,206.0,200.0,224.0,205.0,195.0,245.0,213.0,219.0,226.0,584.0,630.0,645.0,658.0
Georgia,GE,GEO,268,EUR,2020,70,,162.0,183.0,170.0,95.0,148.0,169.0,0.0,0.0,0.0,0.0,0.0,0.0,515.0,412.0,0.0,0.0
Georgia,GE,GEO,268,EUR,2021,70,34.0,114.0,136.0,155.0,141.0,117.0,134.0,146.0,108.0,112.0,99.0,101.0,119.0,405.0,392.0,366.0,319.0
Germany,DE,DEU,276,EUR,2020,70,,403.0,369.0,360.0,295.0,358.0,386.0,0.0,0.0,0.0,0.0,0.0,0.0,1132.0,1039.0,0.0,0.0
Germany,DE,DEU,276,EUR,2021,70,34.0,303.0,298.0,360.0,336.0,341.0,362.0,381.0,325.0,324.0,280.0,275.0,271.0,961.0,1039.0,1030.0,826.0
Germany,DE,DEU,276,EUR,2022,70,34.0,262.0,299.0,347.0,304.0,395.0,347.0,334.0,369.0,341.0,257.0,337.0,0.0,908.0,1046.0,1044.0,0.0
Ghana,GH,GHA,288,AFR,2021,70,35.0,1166.0,926.0,1130.0,1135.0,1132.0,1161.0,1022.0,1041.0,974.0,1107.0,1128.0,1015.0,3222.0,3428.0,3037.0,3250.0
Ghana,GH,GHA,288,AFR,2022,70,34.0,1122.0,1148.0,1360.0,1234.0,1233.0,1228.0,1096.0,1223.0,1187.0,1070.0,1130.0,0.0,3630.0,3695.0,3506.0,0.0
Grenada,GD,GRD,308,AMR,2020,70,34.0,1.0,0.0,0.0,0.0,0.0,0.0,0.0,0.0,0.0,0.0,0.0,0.0,1.0,0.0,0.0,0.0
Grenada,GD,GRD,308,AMR,2021,70,34.0,1.0,0.0,1.0,0.0,0.0,0.0,0.0,0.0,0.0,0.0,0.0,0.0,2.0,0.0,0.0,0.0
Grenada,GD,GRD,308,AMR,2022,71,34.0,0.0,0.0,0.0,1.0,0.0,0.0,1.0,0.0,0.0,0.0,0.0,0.0,0.0,1.0,1.0,0.0
Grenada,GD,GRD,308,AMR,2023,70,34.0,0.0,0.0,1.0,0.0,0.0,0.0,0.0,0.0,0.0,0.0,0.0,0.0,1.0,0.0,0.0,0.0
Guatemala,GT,GTM,320,AMR,2020,71,34.0,300.0,299.0,299.0,187.0,187.0,187.0,189.0,189.0,188.0,228.0,228.0,228.0,898.0,561.0,566.0,684.0
Guatemala,GT,GTM,320,AMR,2021,71,34.0,200.0,200.0,200.0,241.0,241.0,240.0,258.0,258.0,258.0,236.0,235.0,235.0,600.0,722.0,774.0,706.0
Guatemala,GT,GTM,320,AMR,2022,71,34.0,305.0,305.0,305.0,362.0,362.0,361.0,359.0,358.0,358.0,0.0,0.0,0.0,915.0,1085.0,1075.0,0.0
Guatemala,GT,GTM,320,AMR,2023,71,34.0,375.0,375.0,374.0,259.0,258.0,258.0,0.0,0.0,0.0,0.0,0.0,0.0,1124.0,775.0,0.0,0.0
Guinea,GN,GIN,324,AFR,2021,71,34.0,1569.0,1568.0,1568.0,1506.0,1506.0,1505.0,1492.0,1491.0,1491.0,1445.0,1445.0,1444.0,4705.0,4517.0,4474.0,4334.0
Guinea,GN,GIN,324,AFR,2022,71,34.0,1632.0,1632.0,1631.0,1535.0,1534.0,1534.0,1735.0,1735.0,1734.0,1737.0,1736.0,1736.0,4895.0,4603.0,5204.0,5209.0
Guinea-Bissau,GW,GNB,624,AFR,2021,71,35.0,203.0,203.0,202.0,209.0,209.0,209.0,198.0,198.0,197.0,197.0,197.0,196.0,608.0,627.0,593.0,590.0
Guinea-Bissau,GW,GNB,624,AFR,2022,71,34.0,247.0,246.0,246.0,249.0,248.0,248.0,250.0,250.0,249.0,212.0,212.0,212.0,739.0,745.0,749.0,636.0
Guinea-Bissau,GW,GNB,624,AFR,2023,71,35.0,223.0,223.0,222.0,170.0,169.0,169.0,0.0,0.0,0.0,0.0,0.0,0.0,668.0,508.0,0.0,0.0
Guyana,GY,GUY,328,AMR,2020,70,34.0,53.0,33.0,34.0,9.0,24.0,30.0,24.0,27.0,29.0,40.0,19.0,29.0,120.0,63.0,80.0,88.0
Guyana,GY,GUY,328,AMR,2021,70,34.0,24.0,21.0,31.0,34.0,33.0,33.0,45.0,36.0,34.0,44.0,41.0,38.0,76.0,100.0,115.0,123.0
Guyana,GY,GUY,328,AMR,2022,70,34.0,32.0,17.0,38.0,32.0,56.0,24.0,29.0,24.0,20.0,21.0,17.0,28.0,87.0,112.0,73.0,66.0
Guyana,GY,GUY,328,AMR,2023,70,35.0,31.0,31.0,30.0,19.0,23.0,0.0,0.0,0.0,0.0,0.0,0.0,0.0,92.0,0.0,0.0,0.0
Haiti,HT,HTI,332,AMR,2020,71,,1003.0,1002.0,1002.0,666.0,666.0,665.0,1007.0,1006.0,1006.0,0.0,0.0,0.0,3007.0,1997.0,3019.0,0.0
Honduras,HN,HND,340,AMR,2020,70,34.0,220.0,195.0,169.0,110.0,123.0,144.0,111.0,121.0,155.0,206.0,147.0,153.0,584.0,377.0,387.0,506.0
Honduras,HN,HND,340,AMR,2021,70,34.0,159.0,141.0,171.0,177.0,164.0,185.0,180.0,182.0,161.0,0.0,0.0,0.0,471.0,526.0,523.0,0.0
Honduras,HN,HND,340,AMR,2022,71,34.0,185.0,184.0,184.0,0.0,0.0,0.0,0.0,0.0,0.0,0.0,0.0,0.0,553.0,0.0,0.0,0.0
Hungary,HU,HUN,348,EUR,2020,70,,58.0,32.0,43.0,32.0,23.0,26.0,0.0,0.0,0.0,0.0,0.0,0.0,133.0,81.0,0.0,0.0
Hungary,HU,HUN,348,EUR,2021,70,34.0,30.0,18.0,38.0,32.0,22.0,25.0,18.0,22.0,22.0,36.0,32.0,25.0,86.0,79.0,62.0,93.0
Hungary,HU,HUN,348,EUR,2022,70,34.0,40.0,28.0,36.0,46.0,40.0,45.0,32.0,33.0,38.0,31.0,31.0,37.0,104.0,131.0,103.0,99.0
Hungary,HU,HUN,348,EUR,2023,70,34.0,51.0,34.0,47.0,42.0,52.0,49.0,43.0,0.0,0.0,0.0,0.0,0.0,132.0,143.0,0.0,0.0
India,IN,IND,356,SEA,2020,70,,177098.0,192841.0,152973.0,75515.0,109533.0,141847.0,126612.0,109398.0,125253.0,133883.0,125356.0,151174.0,522912.0,326895.0,361263.0,410413.0
India,IN,IND,356,SEA,2021,70,34.0,164960.0,169979.0,183419.0,122049.0,83911.0,159795.0,188615.0,180869.0,187770.0,171065.0,157424.0,163525.0,518358.0,365755.0,557254.0,492014.0
India,IN,IND,356,SEA,2022,70,34.0,148883.0,173491.0,212653.0,205515.0,208318.0,209864.0,195837.0,184797.0,191730.0,160140.0,179912.0,179294.0,535027.0,623697.0,572364.0,519346.0
India,IN,IND,356,SEA,2023,70,34.0,181859.0,198051.0,217384.0,210768.0,227639.0,0.0,0.0,0.0,0.0,0.0,0.0,0.0,597294.0,0.0,0.0,0.0
Indonesia,ID,IDN,360,SEA,2020,70,,43787.0,40427.0,39398.0,25369.0,19049.0,26593.0,26878.0,23179.0,24317.0,20644.0,21124.0,16747.0,123612.0,71011.0,74374.0,58515.0
Indonesia,ID,IDN,360,SEA,2021,70,,35053.0,31532.0,39848.0,38948.0,34749.0,37652.0,25075.0,30670.0,39631.0,42452.0,45619.0,44017.0,106433.0,111349.0,95376.0,132088.0
Indonesia,ID,IDN,360,SEA,2022,70,,66025.0,48431.0,56857.0,52675.0,54903.0,66734.0,63507.0,67759.0,69874.0,69597.0,68806.0,56626.0,171313.0,174312.0,201140.0,195029.0
Indonesia,ID,IDN,360,SEA,2023,70,34.0,83129.0,73214.0,76374.0,56091.0,78838.0,68008.0,75963.0,81757.0,73180.0,64232.0,0.0,0.0,232717.0,202937.0,230900.0,0.0
Ireland,IE,IRL,372,EUR,2020,70,34.0,22.0,18.0,23.0,17.0,20.0,29.0,20.0,18.0,20.0,15.0,24.0,14.0,63.0,66.0,58.0,53.0
Ireland,IE,IRL,372,EUR,2021,70,34.0,16.0,18.0,25.0,25.0,15.0,23.0,22.0,11.0,18.0,11.0,16.0,19.0,59.0,63.0,51.0,46.0
Ireland,IE,IRL,372,EUR,2022,70,34.0,22.0,23.0,22.0,12.0,18.0,28.0,20.0,19.0,13.0,15.0,16.0,17.0,67.0,58.0,52.0,48.0
Ireland,IE,IRL,372,EUR,2023,70,34.0,10.0,17.0,22.0,21.0,14.0,20.0,19.0,21.0,17.0,21.0,0.0,0.0,49.0,55.0,57.0,0.0
Israel,IL,ISR,376,EUR,2020,70,,22.0,10.0,5.0,10.0,10.0,3.0,0.0,0.0,0.0,0.0,0.0,0.0,37.0,23.0,0.0,0.0
Israel,IL,ISR,376,EUR,2023,70,,16.0,15.0,34.0,11.0,22.0,12.0,0.0,0.0,0.0,0.0,0.0,0.0,65.0,45.0,0.0,0.0
Italy,IT,ITA,380,EUR,2020,70,35.0,219.0,167.0,91.0,103.0,141.0,265.0,246.0,161.0,143.0,119.0,119.0,139.0,477.0,509.0,550.0,377.0
Italy,IT,ITA,380,EUR,2021,70,35.0,165.0,112.0,204.0,101.0,186.0,306.0,246.0,173.0,174.0,135.0,75.0,75.0,481.0,593.0,593.0,285.0
Jamaica,JM,JAM,388,AMR,2020,71,34.0,4.0,3.0,3.0,7.0,7.0,6.0,6.0,5.0,5.0,3.0,3.0,2.0,10.0,20.0,16.0,8.0
Jamaica,JM,JAM,388,AMR,2021,70,34.0,2.0,7.0,4.0,1.0,6.0,5.0,3.0,3.0,3.0,2.0,3.0,4.0,13.0,12.0,9.0,9.0
Jamaica,JM,JAM,388,AMR,2022,71,34.0,4.0,4.0,3.0,7.0,6.0,6.0,12.0,11.0,11.0,4.0,4.0,3.0,11.0,19.0,34.0,11.0
Jamaica,JM,JAM,388,AMR,2023,71,34.0,4.0,3.0,3.0,0.0,0.0,0.0,0.0,0.0,0.0,0.0,0.0,0.0,10.0,0.0,0.0,0.0
Kazakhstan,KZ,KAZ,398,EUR,2020,70,34.0,982.0,995.0,918.0,840.0,553.0,634.0,439.0,579.0,737.0,857.0,850.0,851.0,2895.0,2027.0,1755.0,2558.0
Kazakhstan,KZ,KAZ,398,EUR,2021,70,34.0,666.0,796.0,847.0,1002.0,779.0,820.0,740.0,624.0,729.0,723.0,831.0,855.0,2309.0,2601.0,2093.0,2409.0
Kazakhstan,KZ,KAZ,398,EUR,2022,70,34.0,657.0,917.0,876.0,1041.0,816.0,923.0,728.0,718.0,762.0,698.0,843.0,871.0,2450.0,2780.0,2208.0,2412.0
Kazakhstan,KZ,KAZ,398,EUR,2023,70,34.0,819.0,854.0,849.0,937.0,830.0,0.0,0.0,0.0,0.0,0.0,0.0,0.0,2522.0,0.0,0.0,0.0
Kenya,KE,KEN,404,AFR,2020,70,34.0,7543.0,6796.0,7478.0,5271.0,5103.0,5752.0,6013.0,5787.0,6023.0,6057.0,5578.0,3722.0,21817.0,16126.0,17823.0,15357.0
Kenya,KE,KEN,404,AFR,2021,70,34.0,3675.0,6381.0,9628.0,5396.0,6069.0,7486.0,4226.0,6512.0,7999.0,0.0,0.0,0.0,19684.0,18951.0,18737.0,0.0
Kenya,KE,KEN,404,AFR,2022,70,34.0,5330.0,6934.0,10269.0,5219.0,7287.0,8556.0,5802.0,7186.0,8941.0,6818.0,8452.0,9834.0,22533.0,21062.0,21929.0,25104.0
Kenya,KE,KEN,404,AFR,2023,70,,8561.0,8044.0,9684.0,8427.0,9184.0,6709.0,0.0,0.0,0.0,0.0,0.0,0.0,26289.0,24320.0,0.0,0.0
Kyrgyzstan,KG,KGZ,417,EUR,2020,70,,448.0,573.0,554.0,294.0,280.0,351.0,241.0,239.0,338.0,232.0,228.0,244.0,1575.0,925.0,818.0,704.0
Kyrgyzstan,KG,KGZ,417,EUR,2021,70,34.0,238.0,422.0,529.0,542.0,397.0,337.0,328.0,299.0,377.0,318.0,278.0,325.0,1189.0,1276.0,1004.0,921.0
Kyrgyzstan,KG,KGZ,417,EUR,2022,70,,332.0,396.0,413.0,442.0,369.0,440.0,316.0,253.0,273.0,279.0,286.0,297.0,1141.0,1251.0,842.0,862.0
Kyrgyzstan,KG,KGZ,417,EUR,2023,70,,296.0,0.0,0.0,0.0,0.0,0.0,0.0,0.0,0.0,0.0,0.0,0.0,0.0,0.0,0.0,0.0
Lao People's Democratic Republic,LA,LAO,418,WPR,2020,70,34.0,664.0,509.0,664.0,347.0,548.0,809.0,618.0,720.0,601.0,550.0,802.0,346.0,1837.0,1704.0,1939.0,1698.0
Lao People's Democratic Republic,LA,LAO,418,WPR,2021,70,34.0,553.0,508.0,716.0,390.0,366.0,465.0,671.0,831.0,432.0,345.0,367.0,423.0,1777.0,1221.0,1934.0,1135.0
Lao People's Democratic Republic,LA,LAO,418,WPR,2022,70,34.0,438.0,580.0,666.0,573.0,1007.0,763.0,832.0,823.0,840.0,701.0,633.0,617.0,1684.0,2343.0,2495.0,1951.0
Lao People's Democratic Republic,LA,LAO,418,WPR,2023,70,34.0,737.0,1027.0,963.0,623.0,929.0,619.0,508.0,724.0,656.0,750.0,0.0,0.0,2727.0,2171.0,1888.0,0.0
Lesotho,LS,LSO,426,AFR,2020,71,34.0,509.0,509.0,508.0,306.0,306.0,305.0,285.0,285.0,285.0,425.0,424.0,424.0,1526.0,917.0,855.0,1273.0
Lesotho,LS,LSO,426,AFR,2021,71,34.0,332.0,331.0,331.0,351.0,350.0,350.0,403.0,403.0,403.0,406.0,406.0,405.0,994.0,1051.0,1209.0,1217.0
Lesotho,LS,LSO,426,AFR,2022,71,34.0,430.0,429.0,429.0,395.0,395.0,394.0,527.0,526.0,526.0,516.0,516.0,515.0,1288.0,1184.0,1579.0,1547.0
Lesotho,LS,LSO,426,AFR,2023,71,34.0,477.0,476.0,476.0,463.0,463.0,462.0,0.0,0.0,0.0,0.0,0.0,0.0,1429.0,1388.0,0.0,0.0
Liberia,LR,LBR,430,AFR,2021,71,,675.0,675.0,675.0,664.0,664.0,663.0,553.0,553.0,552.0,0.0,0.0,0.0,2025.0,1991.0,1658.0,0.0
Lithuania,LT,LTU,440,EUR,2020,70,,118.0,76.0,65.0,47.0,36.0,42.0,60.0,53.0,59.0,59.0,38.0,35.0,259.0,125.0,172.0,132.0
Lithuania,LT,LTU,440,EUR,2021,70,34.0,54.0,43.0,67.0,48.0,51.0,61.0,51.0,48.0,53.0,50.0,50.0,38.0,164.0,160.0,152.0,138.0
Lithuania,LT,LTU,440,EUR,2022,70,34.0,68.0,47.0,67.0,67.0,58.0,48.0,54.0,49.0,57.0,46.0,67.0,33.0,182.0,173.0,160.0,146.0
Lithuania,LT,LTU,440,EUR,2023,70,34.0,93.0,48.0,59.0,40.0,38.0,0.0,0.0,0.0,0.0,0.0,0.0,0.0,200.0,0.0,0.0,0.0
Luxembourg,LU,LUX,442,EUR,2021,70,34.0,3.0,4.0,4.0,2.0,2.0,1.0,5.0,4.0,2.0,0.0,0.0,0.0,11.0,5.0,11.0,0.0
Luxembourg,LU,LUX,442,EUR,2022,70,34.0,3.0,1.0,7.0,1.0,6.0,5.0,5.0,9.0,3.0,4.0,2.0,3.0,11.0,12.0,17.0,9.0
Madagascar,MG,MDG,450,AFR,2021,71,34.0,3459.0,3459.0,3458.0,2777.0,2777.0,2777.0,2929.0,2928.0,2928.0,3717.0,3717.0,3716.0,10376.0,8331.0,8785.0,11150.0
Madagascar,MG,MDG,450,AFR,2023,70,35.0,3352.0,2874.0,2926.0,2721.0,0.0,0.0,0.0,0.0,0.0,0.0,0.0,0.0,9152.0,0.0,0.0,0.0
Malawi,MW,MWI,454,AFR,2021,71,34.0,1106.0,1106.0,1105.0,1265.0,1265.0,1264.0,1146.0,1146.0,1145.0,1193.0,1192.0,1192.0,3317.0,3794.0,3437.0,3577.0
Malawi,MW,MWI,454,AFR,2022,71,34.0,1459.0,1459.0,1458.0,1479.0,1478.0,1478.0,1632.0,1632.0,1632.0,0.0,0.0,0.0,4376.0,4435.0,4896.0,0.0
Malawi,MW,MWI,454,AFR,2023,71,34.0,1572.0,1572.0,1571.0,0.0,0.0,0.0,0.0,0.0,0.0,0.0,0.0,0.0,4715.0,0.0,0.0,0.0
Malaysia,MY,MYS,458,WPR,2020,70,34.0,2028.0,2067.0,2172.0,1305.0,1666.0,1748.0,1871.0,2370.0,1772.0,1598.0,2069.0,2297.0,6267.0,4719.0,6013.0,5964.0
Malaysia,MY,MYS,458,WPR,2021,70,34.0,1447.0,1431.0,1731.0,1642.0,1722.0,2028.0,1411.0,1724.0,1725.0,2207.0,1981.0,2102.0,4609.0,5392.0,4860.0,6290.0
Malaysia,MY,MYS,458,WPR,2022,70,34.0,1612.0,1804.0,1576.0,1890.0,2038.0,2193.0,2634.0,2275.0,2106.0,2563.0,1955.0,2124.0,4992.0,6121.0,7015.0,6642.0
Malaysia,MY,MYS,458,WPR,2023,70,34.0,1681.0,2002.0,2635.0,1853.0,2346.0,2071.0,1743.0,0.0,0.0,0.0,0.0,0.0,6318.0,6270.0,0.0,0.0
Mali,ML,MLI,466,AFR,2021,71,35.0,614.0,613.0,613.0,570.0,569.0,569.0,513.0,512.0,512.0,0.0,0.0,0.0,1840.0,1708.0,1537.0,0.0
Mali,ML,MLI,466,AFR,2022,71,34.0,611.0,611.0,611.0,0.0,0.0,0.0,0.0,0.0,0.0,0.0,0.0,0.0,1833.0,0.0,0.0,0.0
Malta,MT,MLT,470,EUR,2020,70,34.0,7.0,16.0,17.0,21.0,10.0,9.0,16.0,19.0,5.0,11.0,5.0,4.0,40.0,40.0,40.0,20.0
Malta,MT,MLT,470,EUR,2021,70,34.0,5.0,7.0,3.0,6.0,6.0,7.0,6.0,6.0,2.0,2.0,3.0,4.0,15.0,19.0,14.0,9.0
Malta,MT,MLT,470,EUR,2022,70,34.0,10.0,5.0,3.0,4.0,2.0,3.0,5.0,3.0,13.0,1.0,5.0,7.0,18.0,9.0,21.0,13.0
Malta,MT,MLT,470,EUR,2023,70,34.0,3.0,5.0,10.0,6.0,8.0,3.0,4.0,0.0,0.0,0.0,0.0,0.0,18.0,17.0,0.0,0.0
Mauritania,MR,MRT,478,AFR,2022,70,35.0,163.0,189.0,211.0,213.0,208.0,191.0,167.0,69.0,7.0,0.0,0.0,0.0,563.0,612.0,243.0,0.0
Mauritius,MU,MUS,480,AFR,2021,70,34.0,11.0,8.0,7.0,6.0,0.0,0.0,0.0,0.0,0.0,0.0,0.0,0.0,26.0,0.0,0.0,0.0
Mauritius,MU,MUS,480,AFR,2022,70,34.0,14.0,7.0,13.0,11.0,14.0,8.0,8.0,9.0,10.0,9.0,5.0,11.0,34.0,33.0,27.0,25.0
Mauritius,MU,MUS,480,AFR,2023,70,34.0,5.0,11.0,4.0,7.0,11.0,15.0,7.0,7.0,0.0,0.0,0.0,0.0,20.0,33.0,0.0,0.0
Mexico,MX,MEX,484,AMR,2020,70,34.0,2178.0,2013.0,2071.0,1387.0,1118.0,1170.0,1228.0,1364.0,1464.0,1607.0,1338.0,1222.0,6262.0,3675.0,4056.0,4167.0
Mexico,MX,MEX,484,AMR,2021,70,34.0,1283.0,1427.0,2068.0,1964.0,1966.0,2084.0,1876.0,1708.0,1737.0,1776.0,1770.0,1538.0,4778.0,6014.0,5321.0,5084.0
Mexico,MX,MEX,484,AMR,2022,70,34.0,1701.0,1776.0,2440.0,2140.0,2406.0,2323.0,2014.0,2268.0,2177.0,2150.0,1942.0,1436.0,5917.0,6869.0,6459.0,5528.0
Mexico,MX,MEX,484,AMR,2023,70,34.0,2248.0,2085.0,2554.0,2143.0,2353.0,2430.0,2273.0,2369.0,1889.0,0.0,0.0,0.0,6887.0,6926.0,6531.0,0.0
Monaco,MC,MCO,492,EUR,2021,70,34.0,0.0,0.0,0.0,0.0,0.0,0.0,0.0,0.0,0.0,0.0,0.0,1.0,0.0,0.0,0.0,1.0
Monaco,MC,MCO,492,EUR,2022,70,34.0,0.0,0.0,0.0,0.0,0.0,0.0,0.0,0.0,0.0,0.0,0.0,0.0,0.0,0.0,0.0,0.0
Monaco,MC,MCO,492,EUR,2023,71,34.0,1.0,0.0,0.0,0.0,0.0,0.0,0.0,0.0,0.0,0.0,0.0,0.0,1.0,0.0,0.0,0.0
Mongolia,MN,MNG,496,WPR,2020,70,34.0,273.0,329.0,409.0,437.0,362.0,369.0,305.0,288.0,332.0,216.0,253.0,228.0,1011.0,1168.0,925.0,697.0
Mongolia,MN,MNG,496,WPR,2021,70,,212.0,156.0,310.0,222.0,231.0,269.0,178.0,197.0,197.0,204.0,252.0,281.0,678.0,722.0,572.0,737.0
Mongolia,MN,MNG,496,WPR,2022,70,34.0,212.0,176.0,249.0,271.0,303.0,241.0,188.0,199.0,206.0,250.0,257.0,246.0,637.0,815.0,593.0,753.0
Mongolia,MN,MNG,496,WPR,2023,70,,250.0,190.0,262.0,280.0,303.0,274.0,0.0,0.0,0.0,0.0,0.0,0.0,702.0,857.0,0.0,0.0
Montenegro,ME,MNE,499,EUR,2020,70,34.0,2.0,5.0,5.0,4.0,3.0,10.0,2.0,2.0,2.0,4.0,0.0,3.0,12.0,17.0,6.0,7.0
Montenegro,ME,MNE,499,EUR,2021,70,34.0,1.0,8.0,4.0,2.0,7.0,9.0,5.0,10.0,3.0,3.0,9.0,15.0,13.0,18.0,18.0,27.0
Montenegro,ME,MNE,499,EUR,2022,70,34.0,8.0,4.0,4.0,6.0,4.0,4.0,4.0,9.0,3.0,8.0,8.0,5.0,16.0,14.0,16.0,21.0
Montenegro,ME,MNE,499,EUR,2023,70,34.0,2.0,3.0,7.0,6.0,4.0,5.0,7.0,5.0,5.0,3.0,0.0,0.0,12.0,15.0,17.0,0.0
Mozambique,MZ,MOZ,508,AFR,2020,70,34.0,6113.0,7786.0,11145.0,7184.0,7201.0,7593.0,7573.0,8551.0,8725.0,7964.0,9052.0,8204.0,25044.0,21978.0,24849.0,25220.0
Mozambique,MZ,MOZ,508,AFR,2021,70,34.0,6921.0,7410.0,7419.0,7872.0,8008.0,8456.0,8284.0,8997.0,8361.0,8933.0,9352.0,8418.0,21750.0,24336.0,25642.0,26703.0
Mozambique,MZ,MOZ,508,AFR,2022,70,35.0,7331.0,7986.0,9186.0,9329.0,9690.0,9675.0,9563.0,10086.0,10121.0,9255.0,9247.0,9202.0,24503.0,28694.0,29770.0,27704.0
Mozambique,MZ,MOZ,508,AFR,2023,70,,7800.0,8854.0,8725.0,0.0,0.0,0.0,0.0,0.0,0.0,0.0,0.0,0.0,25379.0,0.0,0.0,0.0
Myanmar,MM,MMR,104,SEA,2020,71,,11296.0,11295.0,11295.0,7299.0,7298.0,7298.0,0.0,0.0,0.0,0.0,0.0,0.0,33886.0,21895.0,0.0,0.0
Myanmar,MM,MMR,104,SEA,2021,71,35.0,4304.0,4303.0,4303.0,6393.0,6393.0,6392.0,3710.0,3710.0,3709.0,6743.0,6743.0,6742.0,12910.0,19178.0,11129.0,20228.0
Myanmar,MM,MMR,104,SEA,2022,71,35.0,7832.0,7831.0,7831.0,9307.0,9307.0,9307.0,10538.0,10538.0,10537.0,9539.0,9539.0,9538.0,23494.0,27921.0,31613.0,28616.0
Myanmar,MM,MMR,104,SEA,2023,71,35.0,10519.0,10519.0,10519.0,10508.0,10508.0,10507.0,0.0,0.0,0.0,0.0,0.0,0.0,31557.0,31523.0,0.0,0.0
Namibia,,NAM,516,AFR,2020,70,34.0,698.0,649.0,645.0,522.0,459.0,524.0,475.0,427.0,543.0,586.0,499.0,510.0,1992.0,1505.0,1445.0,1595.0
Namibia,,NAM,516,AFR,2021,70,34.0,482.0,509.0,603.0,542.0,527.0,480.0,445.0,597.0,668.0,658.0,751.0,602.0,1594.0,1549.0,1710.0,2011.0
Namibia,,NAM,516,AFR,2022,70,34.0,602.0,607.0,858.0,0.0,0.0,0.0,0.0,0.0,0.0,0.0,0.0,0.0,2067.0,0.0,0.0,0.0
Namibia,,NAM,516,AFR,2023,70,34.0,741.0,674.0,874.0,0.0,0.0,0.0,0.0,0.0,0.0,0.0,0.0,0.0,2289.0,0.0,0.0,0.0
Nepal,NP,NPL,524,SEA,2020,70,34.0,2258.0,2584.0,2672.0,1874.0,1775.0,2068.0,2490.0,2592.0,2027.0,2405.0,1784.0,1835.0,7514.0,5717.0,7109.0,6024.0
Nepal,NP,NPL,524,SEA,2021,70,34.0,2372.0,2176.0,2734.0,3369.0,2447.0,1558.0,2475.0,3334.0,3009.0,2471.0,2513.0,2828.0,7282.0,7374.0,8818.0,7812.0
Nepal,NP,NPL,524,SEA,2022,70,34.0,2947.0,2278.0,3201.0,3766.0,3261.0,3828.0,3664.0,3336.0,3005.0,2390.0,2476.0,2643.0,8426.0,10855.0,10005.0,7509.0
Nepal,NP,NPL,524,SEA,2023,70,,2521.0,2513.0,2899.0,3402.0,0.0,0.0,0.0,0.0,0.0,0.0,0.0,0.0,7933.0,0.0,0.0,0.0
Netherlands (Kingdom of the),NL,NLD,528,EUR,2020,70,34.0,60.0,57.0,62.0,40.0,49.0,69.0,55.0,44.0,56.0,51.0,31.0,49.0,179.0,158.0,155.0,131.0
Netherlands (Kingdom of the),NL,NLD,528,EUR,2021,70,34.0,44.0,54.0,60.0,55.0,62.0,68.0,67.0,55.0,72.0,55.0,47.0,50.0,158.0,185.0,194.0,152.0
Netherlands (Kingdom of the),NL,NLD,528,EUR,2022,70,34.0,37.0,54.0,66.0,48.0,48.0,54.0,55.0,64.0,49.0,53.0,55.0,54.0,157.0,150.0,168.0,162.0
Netherlands (Kingdom of the),NL,NLD,528,EUR,2023,70,34.0,52.0,63.0,57.0,66.0,76.0,74.0,56.0,54.0,48.0,61.0,0.0,0.0,172.0,216.0,158.0,0.0
Nicaragua,NI,NIC,558,AMR,2020,70,34.0,183.0,201.0,195.0,142.0,122.0,109.0,134.0,146.0,158.0,208.0,165.0,123.0,579.0,373.0,438.0,496.0
Nicaragua,NI,NIC,558,AMR,2021,70,34.0,148.0,164.0,159.0,154.0,151.0,185.0,165.0,170.0,127.0,128.0,164.0,120.0,471.0,490.0,462.0,412.0
Nicaragua,NI,NIC,558,AMR,2022,70,34.0,154.0,181.0,200.0,169.0,168.0,187.0,192.0,185.0,156.0,188.0,161.0,161.0,535.0,524.0,533.0,510.0
Nicaragua,NI,NIC,558,AMR,2023,70,34.0,191.0,158.0,178.0,183.0,167.0,169.0,174.0,195.0,209.0,0.0,0.0,0.0,527.0,519.0,578.0,0.0
Niger,NE,NER,562,AFR,2021,70,34.0,950.0,943.0,1190.0,1132.0,1101.0,1221.0,1028.0,1053.0,1110.0,1056.0,1035.0,956.0,3083.0,3454.0,3191.0,3047.0
Niger,NE,NER,562,AFR,2022,70,34.0,991.0,1053.0,1256.0,1244.0,1347.0,1296.0,1193.0,1174.0,1218.0,1215.0,1165.0,1101.0,3300.0,3887.0,3585.0,3481.0
Niger,NE,NER,562,AFR,2023,70,34.0,1152.0,1216.0,1373.0,1227.0,1530.0,1193.0,0.0,0.0,0.0,0.0,0.0,0.0,3741.0,3950.0,0.0,0.0
Nigeria,NG,NGA,566,AFR,2020,71,34.0,10763.0,10763.0,10763.0,8919.0,8918.0,8918.0,11815.0,11815.0,11814.0,13717.0,13717.0,13716.0,32289.0,26755.0,35444.0,41150.0
Nigeria,NG,NGA,566,AFR,2021,71,34.0,14298.0,14297.0,14297.0,16699.0,16699.0,16698.0,18120.0,18119.0,18119.0,19087.0,19087.0,19086.0,42892.0,50096.0,54358.0,57260.0
Nigeria,NG,NGA,566,AFR,2022,71,,21027.0,21027.0,21027.0,22532.0,22532.0,22531.0,25277.0,25277.0,25277.0,0.0,0.0,0.0,63081.0,67595.0,75831.0,0.0
North Macedonia,MK,MKD,807,EUR,2020,70,,19.0,18.0,12.0,11.0,17.0,5.0,0.0,0.0,0.0,0.0,0.0,0.0,49.0,33.0,0.0,0.0
North Macedonia,MK,MKD,807,EUR,2022,70,,9.0,11.0,14.0,11.0,17.0,12.0,0.0,0.0,0.0,0.0,0.0,0.0,34.0,40.0,0.0,0.0
North Macedonia,MK,MKD,807,EUR,2023,70,,24.0,0.0,0.0,0.0,0.0,0.0,0.0,0.0,0.0,0.0,0.0,0.0,0.0,0.0,0.0,0.0
Norway,NO,NOR,578,EUR,2020,70,,20.0,11.0,10.0,18.0,11.0,21.0,0.0,0.0,0.0,0.0,0.0,0.0,41.0,50.0,0.0,0.0
Norway,NO,NOR,578,EUR,2021,70,34.0,10.0,14.0,15.0,8.0,17.0,6.0,0.0,0.0,0.0,0.0,0.0,0.0,39.0,31.0,0.0,0.0
Norway,NO,NOR,578,EUR,2023,70,34.0,17.0,16.0,18.0,0.0,0.0,0.0,0.0,0.0,0.0,0.0,0.0,0.0,51.0,0.0,0.0,0.0
Pakistan,PK,PAK,586,EMR,2020,71,35.0,26319.0,26318.0,26318.0,16641.0,16641.0,16640.0,24724.0,24723.0,24723.0,23334.0,23333.0,23333.0,78955.0,49922.0,74170.0,70000.0
Pakistan,PK,PAK,586,EMR,2021,71,34.0,24984.0,24984.0,24983.0,26169.0,26169.0,26168.0,30760.0,30760.0,30759.0,31846.0,31846.0,31845.0,74951.0,78506.0,92279.0,95537.0
Pakistan,PK,PAK,586,EMR,2022,71,34.0,33963.0,33963.0,33963.0,37408.0,37408.0,37407.0,34814.0,34814.0,34814.0,35335.0,35335.0,35335.0,101889.0,112223.0,104442.0,106005.0
Panama,PA,PAN,591,AMR,2020,70,,153.0,130.0,143.0,80.0,91.0,85.0,88.0,82.0,139.0,109.0,89.0,67.0,426.0,256.0,309.0,265.0
Panama,PA,PAN,591,AMR,2021,70,,91.0,106.0,105.0,120.0,117.0,131.0,113.0,133.0,115.0,111.0,89.0,96.0,302.0,368.0,361.0,296.0
Panama,PA,PAN,591,AMR,2022,70,34.0,78.0,126.0,137.0,146.0,167.0,141.0,125.0,141.0,109.0,126.0,98.0,84.0,341.0,454.0,375.0,308.0
Papua New Guinea,PG,PNG,598,WPR,2020,71,34.0,2436.0,2436.0,2435.0,2471.0,2471.0,2471.0,2284.0,2284.0,2283.0,2247.0,2247.0,2246.0,7307.0,7413.0,6851.0,6740.0
Papua New Guinea,PG,PNG,598,WPR,2021,71,35.0,2474.0,2473.0,2473.0,2266.0,2265.0,2265.0,2750.0,2749.0,2749.0,2137.0,2136.0,2136.0,7420.0,6796.0,8248.0,6409.0
Papua New Guinea,PG,PNG,598,WPR,2022,71,35.0,2924.0,2924.0,2923.0,2932.0,2932.0,2931.0,2897.0,2896.0,2896.0,1740.0,1739.0,1739.0,8771.0,8795.0,8689.0,5218.0
Papua New Guinea,PG,PNG,598,WPR,2023,71,35.0,2797.0,2797.0,2797.0,0.0,0.0,0.0,0.0,0.0,0.0,0.0,0.0,0.0,8391.0,0.0,0.0,0.0
Paraguay,PY,PRY,600,AMR,2020,70,34.0,212.0,245.0,186.0,137.0,167.0,209.0,197.0,189.0,178.0,261.0,233.0,173.0,643.0,513.0,564.0,667.0
Paraguay,PY,PRY,600,AMR,2021,70,34.0,186.0,223.0,214.0,177.0,164.0,191.0,256.0,287.0,277.0,0.0,0.0,0.0,623.0,532.0,820.0,0.0
Paraguay,PY,PRY,600,AMR,2022,70,34.0,286.0,236.0,359.0,272.0,275.0,287.0,272.0,286.0,340.0,330.0,306.0,230.0,881.0,834.0,898.0,866.0
Peru,PE,PER,604,AMR,2020,70,34.0,2880.0,2597.0,2213.0,1168.0,1127.0,1391.0,1517.0,1730.0,2060.0,2317.0,2259.0,2107.0,7690.0,3686.0,5307.0,6683.0
Peru,PE,PER,604,AMR,2021,70,34.0,2012.0,1809.0,2084.0,1998.0,1917.0,2036.0,2163.0,2319.0,2348.0,2355.0,2362.0,1989.0,5905.0,5951.0,6830.0,6706.0
Peru,PE,PER,604,AMR,2022,70,34.0,2059.0,2296.0,2694.0,2325.0,2307.0,2199.0,2101.0,2291.0,2563.0,2485.0,2292.0,1681.0,7049.0,6831.0,6955.0,6458.0
Peru,PE,PER,604,AMR,2023,70,34.0,2531.0,2543.0,2789.0,2460.0,2402.0,1452.0,0.0,0.0,0.0,0.0,0.0,0.0,7863.0,6314.0,0.0,0.0
Philippines,PH,PHL,608,WPR,2020,70,35.0,40104.0,37042.0,28376.0,10489.0,13726.0,20282.0,20338.0,16938.0,18701.0,18757.0,17100.0,17605.0,105522.0,44497.0,55977.0,53462.0
Philippines,PH,PHL,608,WPR,2021,70,35.0,24679.0,24663.0,29335.0,22354.0,23501.0,25733.0,27894.0,26705.0,25224.0,24386.0,23571.0,19748.0,78677.0,71588.0,79823.0,67705.0
Philippines,PH,PHL,608,WPR,2022,70,35.0,29412.0,32204.0,40998.0,25236.0,35013.0,42979.0,34115.0,38115.0,43520.0,34399.0,31057.0,28132.0,102614.0,103228.0,115750.0,93588.0
Philippines,PH,PHL,608,WPR,2023,70,35.0,43774.0,49182.0,57734.0,41794.0,51371.0,47285.0,46131.0,48142.0,43012.0,0.0,0.0,0.0,150690.0,140450.0,137285.0,0.0
Portugal,PT,PRT,620,EUR,2020,70,,152.0,120.0,128.0,86.0,100.0,81.0,91.0,105.0,83.0,82.0,66.0,41.0,400.0,267.0,279.0,189.0
Portugal,PT,PRT,620,EUR,2021,70,34.0,104.0,94.0,132.0,139.0,144.0,144.0,102.0,121.0,96.0,114.0,93.0,103.0,330.0,427.0,319.0,310.0
Portugal,PT,PRT,620,EUR,2022,70,,110.0,118.0,161.0,118.0,134.0,99.0,101.0,112.0,137.0,106.0,97.0,80.0,389.0,351.0,350.0,283.0
Portugal,PT,PRT,620,EUR,2023,70,,107.0,95.0,125.0,37.0,22.0,0.0,0.0,0.0,0.0,0.0,0.0,0.0,327.0,0.0,0.0,0.0
Puerto Rico,PR,PRI,630,AMR,2020,71,34.0,2.0,2.0,1.0,3.0,3.0,2.0,3.0,3.0,2.0,2.0,2.0,2.0,5.0,8.0,8.0,6.0
Puerto Rico,PR,PRI,630,AMR,2021,71,34.0,1.0,1.0,0.0,2.0,1.0,1.0,1.0,1.0,1.0,3.0,3.0,3.0,2.0,4.0,3.0,9.0
Puerto Rico,PR,PRI,630,AMR,2022,71,,1.0,1.0,1.0,2.0,2.0,2.0,2.0,1.0,1.0,3.0,3.0,3.0,3.0,6.0,4.0,9.0
Puerto Rico,PR,PRI,630,AMR,2023,71,,2.0,1.0,1.0,0.0,0.0,0.0,0.0,0.0,0.0,0.0,0.0,0.0,4.0,0.0,0.0,0.0
Republic of Moldova,MD,MDA,498,EUR,2020,70,34.0,221.0,238.0,202.0,112.0,100.0,130.0,141.0,122.0,118.0,140.0,122.0,112.0,661.0,342.0,381.0,374.0
Republic of Moldova,MD,MDA,498,EUR,2021,70,34.0,123.0,191.0,149.0,184.0,141.0,207.0,195.0,175.0,158.0,155.0,171.0,210.0,463.0,532.0,528.0,536.0
Republic of Moldova,MD,MDA,498,EUR,2022,70,34.0,149.0,166.0,194.0,179.0,178.0,212.0,172.0,163.0,163.0,162.0,172.0,208.0,509.0,569.0,498.0,542.0
Republic of Moldova,MD,MDA,498,EUR,2023,70,34.0,181.0,190.0,205.0,165.0,198.0,163.0,174.0,173.0,154.0,174.0,0.0,0.0,576.0,526.0,501.0,0.0
Romania,RO,ROU,642,EUR,2020,71,34.0,867.0,867.0,867.0,511.0,511.0,510.0,579.0,578.0,578.0,451.0,451.0,451.0,2601.0,1532.0,1735.0,1353.0
Romania,RO,ROU,642,EUR,2021,71,34.0,598.0,598.0,598.0,678.0,678.0,677.0,744.0,744.0,743.0,520.0,520.0,520.0,1794.0,2033.0,2231.0,1560.0
Romania,RO,ROU,642,EUR,2022,71,34.0,663.0,662.0,662.0,843.0,843.0,842.0,735.0,735.0,735.0,702.0,701.0,701.0,1987.0,2528.0,2205.0,2104.0
Romania,RO,ROU,642,EUR,2023,71,,909.0,909.0,908.0,806.0,805.0,805.0,0.0,0.0,0.0,0.0,0.0,0.0,2726.0,2416.0,0.0,0.0
Russian Federation,RU,RUS,643,EUR,2020,70,34.0,6540.0,6493.0,6132.0,6344.0,3216.0,3679.0,4599.0,4057.0,4176.0,4759.0,3990.0,4346.0,19165.0,13239.0,12832.0,13095.0
Russian Federation,RU,RUS,643,EUR,2021,70,34.0,3990.0,4659.0,5377.0,6599.0,4275.0,4833.0,5058.0,4195.0,3907.0,4786.0,4569.0,4532.0,14026.0,15707.0,13160.0,13887.0
Russian Federation,RU,RUS,643,EUR,2022,70,34.0,4396.0,4188.0,4777.0,6101.0,4677.0,4964.0,5214.0,4735.0,4039.0,4917.0,4953.0,4176.0,13361.0,15742.0,13988.0,14046.0
Russian Federation,RU,RUS,643,EUR,2023,70,34.0,4451.0,4608.0,4800.0,5580.0,4910.0,4372.0,4959.0,4360.0,3388.0,0.0,0.0,0.0,13859.0,14862.0,12707.0,0.0
Rwanda,RW,RWA,646,AFR,2021,70,34.0,412.0,380.0,496.0,462.0,378.0,523.0,382.0,356.0,538.0,385.0,403.0,463.0,1288.0,1363.0,1276.0,1251.0
Saint Kitts and Nevis,KN,KNA,659,AMR,2020,71,34.0,1.0,0.0,0.0,0.0,0.0,0.0,1.0,0.0,0.0,0.0,0.0,0.0,1.0,0.0,1.0,0.0
Saint Kitts and Nevis,KN,KNA,659,AMR,2021,71,34.0,1.0,1.0,1.0,0.0,0.0,0.0,0.0,0.0,0.0,0.0,0.0,0.0,3.0,0.0,0.0,0.0
Saint Kitts and Nevis,KN,KNA,659,AMR,2022,71,34.0,0.0,0.0,0.0,0.0,0.0,0.0,1.0,0.0,0.0,0.0,0.0,0.0,0.0,0.0,1.0,0.0
Saint Lucia,LC,LCA,662,AMR,2020,70,34.0,1.0,0.0,1.0,0.0,0.0,1.0,3.0,0.0,0.0,1.0,1.0,1.0,2.0,1.0,3.0,3.0
Saint Lucia,LC,LCA,662,AMR,2021,70,34.0,0.0,0.0,1.0,0.0,0.0,0.0,2.0,1.0,0.0,0.0,0.0,0.0,1.0,0.0,3.0,0.0
Saint Lucia,LC,LCA,662,AMR,2022,70,34.0,0.0,1.0,1.0,0.0,0.0,0.0,0.0,0.0,0.0,0.0,0.0,0.0,2.0,0.0,0.0,0.0
Saint Lucia,LC,LCA,662,AMR,2023,70,34.0,0.0,1.0,0.0,0.0,0.0,0.0,0.0,1.0,0.0,0.0,0.0,0.0,1.0,0.0,1.0,0.0
Saint Vincent and the Grenadines,VC,VCT,670,AMR,2020,70,34.0,0.0,0.0,1.0,1.0,1.0,1.0,3.0,0.0,0.0,2.0,1.0,3.0,1.0,3.0,3.0,6.0
Saint Vincent and the Grenadines,VC,VCT,670,AMR,2021,70,34.0,0.0,0.0,0.0,1.0,1.0,0.0,0.0,0.0,0.0,1.0,1.0,0.0,0.0,2.0,0.0,2.0
Saint Vincent and the Grenadines,VC,VCT,670,AMR,2022,70,34.0,1.0,0.0,0.0,0.0,0.0,1.0,0.0,0.0,0.0,3.0,0.0,0.0,1.0,1.0,0.0,3.0
Saint Vincent and the Grenadines,VC,VCT,670,AMR,2023,70,34.0,0.0,0.0,0.0,0.0,0.0,0.0,1.0,1.0,2.0,0.0,0.0,0.0,0.0,0.0,4.0,0.0
Sao Tome and Principe,ST,STP,678,AFR,2021,70,,8.0,10.0,8.0,0.0,0.0,0.0,0.0,0.0,0.0,0.0,0.0,0.0,26.0,0.0,0.0,0.0
Sao Tome and Principe,ST,STP,678,AFR,2022,71,34.0,8.0,8.0,8.0,12.0,12.0,11.0,0.0,0.0,0.0,0.0,0.0,0.0,24.0,35.0,0.0,0.0
Sao Tome and Principe,ST,STP,678,AFR,2023,70,34.0,12.0,3.0,15.0,6.0,0.0,0.0,0.0,0.0,0.0,0.0,0.0,0.0,30.0,0.0,0.0,0.0
Senegal,SN,SEN,686,AFR,2021,71,,1163.0,1163.0,1163.0,0.0,0.0,0.0,0.0,0.0,0.0,0.0,0.0,0.0,3489.0,0.0,0.0,0.0
Serbia,RS,SRB,688,EUR,2020,70,,35.0,27.0,11.0,6.0,6.0,4.0,0.0,0.0,0.0,0.0,0.0,0.0,73.0,16.0,0.0,0.0
Serbia,RS,SRB,688,EUR,2023,70,34.0,32.0,29.0,45.0,40.0,26.0,22.0,0.0,0.0,0.0,0.0,0.0,0.0,106.0,88.0,0.0,0.0
Seychelles,SC,SYC,690,AFR,2021,70,34.0,0.0,2.0,1.0,1.0,1.0,1.0,1.0,0.0,1.0,1.0,0.0,1.0,3.0,3.0,2.0,2.0
Seychelles,SC,SYC,690,AFR,2022,70,34.0,0.0,1.0,1.0,0.0,3.0,2.0,2.0,3.0,1.0,0.0,1.0,2.0,2.0,5.0,6.0,3.0
Seychelles,SC,SYC,690,AFR,2023,70,34.0,1.0,0.0,0.0,0.0,0.0,0.0,0.0,0.0,0.0,0.0,0.0,0.0,0.0,0.0,0.0,0.0
Sierra Leone,SL,SLE,694,AFR,2020,70,,1654.0,1548.0,1424.0,756.0,782.0,1155.0,1275.0,1408.0,1507.0,1483.0,1427.0,1371.0,4626.0,2693.0,4190.0,4281.0
Sierra Leone,SL,SLE,694,AFR,2021,70,34.0,1109.0,1447.0,1683.0,1476.0,1437.0,1466.0,1348.0,1476.0,1538.0,1628.0,1543.0,1518.0,4239.0,4379.0,4362.0,4689.0
Sierra Leone,SL,SLE,694,AFR,2022,71,34.0,1620.0,1620.0,1620.0,1589.0,1589.0,1589.0,1506.0,1506.0,1505.0,1754.0,1753.0,1753.0,4860.0,4767.0,4517.0,5260.0
Sierra Leone,SL,SLE,694,AFR,2023,71,34.0,1885.0,1884.0,1884.0,0.0,0.0,0.0,0.0,0.0,0.0,0.0,0.0,0.0,5653.0,0.0,0.0,0.0
Sint Maarten (Dutch part),SX,SXM,534,AMR,2020,70,,0.0,0.0,0.0,0.0,0.0,0.0,0.0,0.0,0.0,0.0,0.0,0.0,0.0,0.0,0.0,0.0
Sint Maarten (Dutch part),SX,SXM,534,AMR,2021,71,34.0,0.0,0.0,0.0,0.0,0.0,0.0,0.0,0.0,0.0,0.0,0.0,0.0,0.0,0.0,0.0,0.0
Slovakia,SK,SVK,703,EUR,2020,70,,8.0,1.0,16.0,8.0,5.0,16.0,0.0,0.0,0.0,0.0,0.0,0.0,25.0,29.0,0.0,0.0
Slovakia,SK,SVK,703,EUR,2021,70,34.0,4.0,4.0,9.0,9.0,4.0,11.0,8.0,9.0,14.0,20.0,22.0,26.0,17.0,24.0,31.0,68.0
Slovakia,SK,SVK,703,EUR,2022,70,34.0,8.0,7.0,8.0,10.0,11.0,14.0,8.0,8.0,14.0,14.0,18.0,17.0,23.0,35.0,30.0,49.0
Slovakia,SK,SVK,703,EUR,2023,70,34.0,8.0,11.0,13.0,10.0,12.0,14.0,0.0,0.0,0.0,0.0,0.0,0.0,32.0,36.0,0.0,0.0
Slovenia,SI,SVN,705,EUR,2020,70,34.0,10.0,6.0,2.0,9.0,3.0,4.0,7.0,9.0,3.0,7.0,9.0,7.0,18.0,16.0,19.0,23.0
Slovenia,SI,SVN,705,EUR,2021,70,34.0,5.0,3.0,13.0,7.0,7.0,6.0,6.0,10.0,4.0,5.0,7.0,7.0,21.0,20.0,20.0,19.0
Slovenia,SI,SVN,705,EUR,2022,70,34.0,3.0,6.0,4.0,8.0,9.0,9.0,4.0,7.0,7.0,8.0,7.0,3.0,13.0,26.0,18.0,18.0
Slovenia,SI,SVN,705,EUR,2023,70,34.0,6.0,8.0,8.0,8.0,5.0,9.0,6.0,6.0,5.0,9.0,0.0,0.0,22.0,22.0,17.0,0.0
Solomon Islands,SB,SLB,90,WPR,2020,70,34.0,23.0,23.0,31.0,26.0,22.0,29.0,34.0,33.0,30.0,22.0,29.0,19.0,77.0,77.0,97.0,70.0
Solomon Islands,SB,SLB,90,WPR,2021,70,34.0,20.0,28.0,28.0,33.0,35.0,33.0,39.0,36.0,43.0,26.0,25.0,19.0,76.0,101.0,118.0,70.0
Solomon Islands,SB,SLB,90,WPR,2022,70,34.0,19.0,15.0,24.0,20.0,0.0,0.0,0.0,0.0,0.0,0.0,0.0,0.0,58.0,0.0,0.0,0.0
South Africa,ZA,ZAF,710,AFR,2020,71,34.0,21017.0,21017.0,21017.0,12845.0,12845.0,12844.0,13722.0,13722.0,13721.0,16164.0,16163.0,16163.0,63051.0,38534.0,41165.0,48490.0
South Africa,ZA,ZAF,710,AFR,2021,71,35.0,18403.0,18402.0,18402.0,11180.0,11180.0,11179.0,12067.0,12066.0,12066.0,14553.0,14553.0,14552.0,55207.0,33539.0,36199.0,43658.0
South Africa,ZA,ZAF,710,AFR,2023,70,34.0,16325.0,14246.0,14661.0,0.0,0.0,0.0,0.0,0.0,0.0,0.0,0.0,0.0,45232.0,0.0,0.0,0.0
South Sudan,SS,SSD,728,AFR,2021,71,,3303.0,3302.0,3302.0,3750.0,3750.0,3750.0,5292.0,5292.0,5291.0,4184.0,4183.0,4183.0,9907.0,11250.0,15875.0,12550.0
South Sudan,SS,SSD,728,AFR,2022,71,,1589.0,1589.0,1589.0,1616.0,1615.0,1615.0,1762.0,1762.0,1762.0,0.0,0.0,0.0,4767.0,4846.0,5286.0,0.0
Suriname,SR,SUR,740,AMR,2020,70,34.0,12.0,8.0,5.0,8.0,16.0,3.0,7.0,14.0,14.0,10.0,8.0,3.0,25.0,27.0,35.0,21.0
Suriname,SR,SUR,740,AMR,2021,70,34.0,12.0,4.0,7.0,8.0,10.0,7.0,7.0,3.0,11.0,0.0,0.0,0.0,23.0,25.0,21.0,0.0
Suriname,SR,SUR,740,AMR,2022,70,34.0,6.0,8.0,13.0,7.0,12.0,12.0,8.0,14.0,15.0,8.0,10.0,13.0,27.0,31.0,37.0,31.0
Suriname,SR,SUR,740,AMR,2023,70,34.0,11.0,12.0,17.0,4.0,9.0,13.0,0.0,0.0,0.0,0.0,0.0,0.0,40.0,26.0,0.0,0.0
Sweden,SE,SWE,752,EUR,2020,70,,28.0,21.0,26.0,26.0,24.0,26.0,28.0,31.0,26.0,32.0,28.0,32.0,75.0,76.0,85.0,92.0
Sweden,SE,SWE,752,EUR,2021,70,34.0,32.0,32.0,32.0,35.0,30.0,31.0,34.0,32.0,25.0,25.0,23.0,36.0,96.0,96.0,91.0,84.0
Sweden,SE,SWE,752,EUR,2022,70,34.0,32.0,25.0,36.0,27.0,37.0,33.0,32.0,35.0,29.0,32.0,37.0,25.0,93.0,97.0,96.0,94.0
Sweden,SE,SWE,752,EUR,2023,70,34.0,30.0,35.0,33.0,26.0,31.0,34.0,0.0,0.0,0.0,0.0,0.0,0.0,98.0,91.0,0.0,0.0
Switzerland,CH,CHE,756,EUR,2020,70,34.0,34.0,56.0,18.0,19.0,39.0,35.0,32.0,28.0,25.0,13.0,22.0,27.0,108.0,93.0,85.0,62.0
Switzerland,CH,CHE,756,EUR,2021,70,34.0,20.0,19.0,34.0,33.0,43.0,32.0,42.0,23.0,20.0,25.0,24.0,21.0,73.0,108.0,85.0,70.0
Switzerland,CH,CHE,756,EUR,2022,70,34.0,33.0,25.0,26.0,36.0,35.0,40.0,37.0,28.0,29.0,25.0,22.0,29.0,84.0,111.0,94.0,76.0
Switzerland,CH,CHE,756,EUR,2023,70,34.0,25.0,0.0,0.0,0.0,0.0,0.0,0.0,0.0,0.0,0.0,0.0,0.0,0.0,0.0,0.0,0.0
Tajikistan,TJ,TJK,762,EUR,2020,71,34.0,447.0,447.0,446.0,332.0,332.0,332.0,326.0,325.0,325.0,279.0,278.0,278.0,1340.0,996.0,976.0,835.0
Thailand,TH,THA,764,SEA,2020,70,34.0,8133.0,7639.0,8770.0,7177.0,6956.0,7266.0,7270.0,7598.0,7988.0,7080.0,6794.0,7089.0,24542.0,21399.0,22856.0,20963.0
Thailand,TH,THA,764,SEA,2021,70,34.0,6251.0,5656.0,7557.0,6002.0,5472.0,5830.0,4792.0,4552.0,5011.0,5400.0,5294.0,4883.0,19464.0,17304.0,14355.0,15577.0
Thailand,TH,THA,764,SEA,2022,70,34.0,5918.0,5568.0,6008.0,5178.0,5916.0,6428.0,5492.0,6775.0,6866.0,5695.0,6414.0,5666.0,17494.0,17522.0,19133.0,17775.0
Thailand,TH,THA,764,SEA,2023,70,34.0,6983.0,6486.0,7584.0,6406.0,6744.0,6586.0,6193.0,6501.0,6342.0,0.0,0.0,0.0,21053.0,19736.0,19036.0,0.0
Timor-Leste,TL,TLS,626,SEA,2020,71,34.0,309.0,309.0,309.0,212.0,212.0,211.0,269.0,269.0,269.0,286.0,285.0,285.0,927.0,635.0,807.0,856.0
Timor-Leste,TL,TLS,626,SEA,2021,71,34.0,281.0,280.0,280.0,188.0,188.0,187.0,254.0,254.0,253.0,330.0,330.0,330.0,841.0,563.0,761.0,990.0
Timor-Leste,TL,TLS,626,SEA,2022,71,,425.0,424.0,424.0,455.0,455.0,455.0,479.0,479.0,479.0,432.0,432.0,431.0,1273.0,1365.0,1437.0,1295.0
Timor-Leste,TL,TLS,626,SEA,2023,71,34.0,452.0,452.0,452.0,0.0,0.0,0.0,0.0,0.0,0.0,0.0,0.0,0.0,1356.0,0.0,0.0,0.0
Togo,TG,TGO,768,AFR,2021,71,34.0,215.0,215.0,215.0,203.0,203.0,203.0,184.0,184.0,183.0,206.0,205.0,205.0,645.0,609.0,551.0,616.0
Togo,TG,TGO,768,AFR,2022,71,34.0,232.0,232.0,231.0,237.0,237.0,237.0,268.0,268.0,267.0,281.0,281.0,280.0,695.0,711.0,803.0,842.0
Togo,TG,TGO,768,AFR,2023,71,34.0,273.0,273.0,273.0,0.0,0.0,0.0,0.0,0.0,0.0,0.0,0.0,0.0,819.0,0.0,0.0,0.0
Trinidad and Tobago,TT,TTO,780,AMR,2020,70,34.0,14.0,16.0,9.0,20.0,11.0,28.0,25.0,23.0,18.0,30.0,14.0,15.0,39.0,59.0,66.0,59.0
Trinidad and Tobago,TT,TTO,780,AMR,2021,70,34.0,16.0,6.0,24.0,21.0,0.0,0.0,0.0,0.0,0.0,0.0,0.0,0.0,46.0,0.0,0.0,0.0
Türkiye,TR,TUR,792,EUR,2020,70,34.0,864.0,901.0,958.0,550.0,462.0,875.0,825.0,695.0,737.0,706.0,665.0,723.0,2723.0,1887.0,2257.0,2094.0
Türkiye,TR,TUR,792,EUR,2021,70,34.0,552.0,709.0,893.0,853.0,693.0,878.0,704.0,744.0,794.0,712.0,780.0,824.0,2154.0,2424.0,2242.0,2316.0
Türkiye,TR,TUR,792,EUR,2022,70,34.0,720.0,688.0,841.0,920.0,747.0,996.0,672.0,923.0,853.0,815.0,814.0,803.0,2249.0,2663.0,2448.0,2432.0
Uganda,UG,UGA,800,AFR,2020,71,34.0,5467.0,5466.0,5466.0,4291.0,4290.0,4290.0,5266.0,5266.0,5266.0,5232.0,5231.0,5231.0,16399.0,12871.0,15798.0,15694.0
Uganda,UG,UGA,800,AFR,2021,71,34.0,6098.0,6098.0,6097.0,6406.0,6406.0,6405.0,6328.0,6328.0,6327.0,6081.0,6081.0,6080.0,18293.0,19217.0,18983.0,18242.0
Uganda,UG,UGA,800,AFR,2022,71,34.0,7810.0,7809.0,7809.0,7652.0,7652.0,7651.0,8271.0,8270.0,8270.0,7686.0,7685.0,7685.0,23428.0,22955.0,24811.0,23056.0
Uganda,UG,UGA,800,AFR,2023,71,,7530.0,7529.0,7529.0,7627.0,7627.0,7627.0,6930.0,6930.0,6930.0,0.0,0.0,0.0,22588.0,22881.0,20790.0,0.0
Ukraine,UA,UKR,804,EUR,2020,70,,2026.0,2050.0,2001.0,1301.0,1057.0,1238.0,1601.0,1246.0,1357.0,1277.0,1110.0,1274.0,6077.0,3596.0,4204.0,3661.0
Ukraine,UA,UKR,804,EUR,2021,70,,1317.0,1480.0,1665.0,1567.0,1324.0,1579.0,1676.0,1510.0,1425.0,1456.0,1441.0,1540.0,4462.0,4470.0,4611.0,4437.0
Ukraine,UA,UKR,804,EUR,2022,70,34.0,1453.0,1713.0,1475.0,1532.0,1689.0,1653.0,1578.0,1647.0,1392.0,1263.0,1456.0,1339.0,4641.0,4874.0,4617.0,4058.0
Ukraine,UA,UKR,804,EUR,2023,70,34.0,1753.0,1786.0,1979.0,1651.0,1785.0,1458.0,1442.0,1571.0,1346.0,0.0,0.0,0.0,5518.0,4894.0,4359.0,0.0
United Kingdom of Great Britain and Northern Ireland,GB,GBR,826,EUR,2020,70,,410.0,396.0,413.0,354.0,317.0,384.0,414.0,322.0,370.0,373.0,345.0,361.0,1219.0,1055.0,1106.0,1079.0
United Kingdom of Great Britain and Northern Ireland,GB,GBR,826,EUR,2021,70,35.0,323.0,322.0,387.0,405.0,375.0,445.0,405.0,372.0,376.0,338.0,328.0,364.0,1032.0,1225.0,1153.0,1030.0
United Kingdom of Great Britain and Northern Ireland,GB,GBR,826,EUR,2022,70,35.0,305.0,0.0,0.0,0.0,0.0,0.0,0.0,0.0,0.0,0.0,0.0,0.0,0.0,0.0,0.0,0.0
United Republic of Tanzania,TZ,TZA,834,AFR,2020,70,,6583.0,7243.0,8755.0,6292.0,6295.0,7606.0,6940.0,7340.0,8067.0,6346.0,6643.0,6576.0,22581.0,20193.0,22347.0,19565.0
United Republic of Tanzania,TZ,TZA,834,AFR,2021,70,34.0,5689.0,6032.0,7801.0,6136.0,6806.0,7939.0,6690.0,7683.0,8661.0,6719.0,8138.0,7232.0,19522.0,20881.0,23034.0,22089.0
United Republic of Tanzania,TZ,TZA,834,AFR,2022,70,34.0,6580.0,6710.0,10997.0,8616.0,8932.0,9511.0,8282.0,9070.0,9045.0,7202.0,7686.0,7121.0,24287.0,27059.0,26397.0,22009.0
United Republic of Tanzania,TZ,TZA,834,AFR,2023,70,34.0,7408.0,7706.0,10090.0,7273.0,9138.0,8736.0,7151.0,7831.0,7534.0,0.0,0.0,0.0,25204.0,25147.0,22516.0,0.0
United States of America,US,USA,840,AMR,2020,70,34.0,507.0,600.0,625.0,519.0,510.0,602.0,589.0,539.0,552.0,642.0,539.0,939.0,1732.0,1631.0,1680.0,2120.0
United States of America,US,USA,840,AMR,2021,70,34.0,350.0,454.0,562.0,545.0,524.0,563.0,0.0,0.0,0.0,0.0,0.0,0.0,1366.0,1632.0,0.0,0.0
Uruguay,UY,URY,858,AMR,2020,70,34.0,106.0,77.0,86.0,43.0,57.0,61.0,101.0,95.0,75.0,79.0,95.0,91.0,269.0,161.0,271.0,265.0
Uruguay,UY,URY,858,AMR,2021,70,34.0,60.0,52.0,77.0,34.0,47.0,84.0,106.0,93.0,93.0,0.0,0.0,0.0,189.0,165.0,292.0,0.0
Uruguay,UY,URY,858,AMR,2022,70,34.0,79.0,62.0,95.0,85.0,81.0,65.0,112.0,119.0,101.0,99.0,110.0,97.0,236.0,231.0,332.0,306.0
Uzbekistan,UZ,UZB,860,EUR,2022,71,34.0,1193.0,1193.0,1192.0,0.0,0.0,0.0,0.0,0.0,0.0,0.0,0.0,0.0,3578.0,0.0,0.0,0.0
Venezuela (Bolivarian Republic of),VE,VEN,862,AMR,2020,70,34.0,971.0,879.0,793.0,506.0,629.0,893.0,737.0,649.0,672.0,847.0,819.0,918.0,2643.0,2028.0,2058.0,2584.0
Venezuela (Bolivarian Republic of),VE,VEN,862,AMR,2021,70,35.0,813.0,876.0,768.0,636.0,638.0,737.0,906.0,762.0,825.0,815.0,757.0,813.0,2457.0,2011.0,2493.0,2385.0
Venezuela (Bolivarian Republic of),VE,VEN,862,AMR,2022,70,35.0,836.0,774.0,975.0,907.0,920.0,859.0,897.0,866.0,765.0,735.0,765.0,521.0,2585.0,2686.0,2528.0,2021.0
Venezuela (Bolivarian Republic of),VE,VEN,862,AMR,2023,70,35.0,836.0,824.0,984.0,710.0,937.0,699.0,0.0,0.0,0.0,0.0,0.0,0.0,2644.0,2346.0,0.0,0.0
Viet Nam,VN,VNM,704,WPR,2020,70,34.0,7221.0,7657.0,8195.0,6070.0,7730.0,8540.0,9451.0,7911.0,7983.0,8268.0,8106.0,8191.0,23073.0,22340.0,25345.0,24565.0
Viet Nam,VN,VNM,704,WPR,2021,70,35.0,8767.0,5065.0,8659.0,8024.0,6896.0,5525.0,4057.0,2692.0,3134.0,4966.0,5652.0,5268.0,22491.0,20445.0,9883.0,15886.0
Viet Nam,VN,VNM,704,WPR,2022,70,34.0,6271.0,5652.0,7983.0,8213.0,9924.0,9927.0,8965.0,9388.0,8336.0,8306.0,8133.0,7540.0,19906.0,28064.0,26689.0,23979.0
Viet Nam,VN,VNM,704,WPR,2023,70,,6097.0,7675.0,9179.0,8302.0,7783.0,8170.0,0.0,0.0,0.0,0.0,0.0,0.0,22951.0,24255.0,0.0,0.0
Zambia,ZM,ZMB,894,AFR,2020,70,,3073.0,3248.0,3324.0,2646.0,2540.0,2631.0,3039.0,3555.0,3861.0,3997.0,4025.0,4089.0,9645.0,7817.0,10455.0,12111.0
Zambia,ZM,ZMB,894,AFR,2021,70,34.0,3696.0,3611.0,4728.0,4061.0,3574.0,4061.0,3616.0,3873.0,4514.0,4387.0,5059.0,4470.0,12035.0,11696.0,12003.0,13916.0
Zambia,ZM,ZMB,894,AFR,2022,70,34.0,3998.0,4252.0,5060.0,4714.0,4373.0,4283.0,4619.0,5143.0,5611.0,4457.0,5171.0,4535.0,13310.0,13370.0,15373.0,14163.0
Zambia,ZM,ZMB,894,AFR,2023,70,,4162.0,4373.0,5554.0,0.0,0.0,0.0,0.0,0.0,0.0,0.0,0.0,0.0,14089.0,0.0,0.0,0.0
Zimbabwe,ZW,ZWE,716,AFR,2020,71,,1664.0,1664.0,1664.0,1122.0,1122.0,1121.0,1099.0,1099.0,1098.0,0.0,0.0,0.0,4992.0,3365.0,3296.0,0.0
Zimbabwe,ZW,ZWE,716,AFR,2021,71,34.0,1229.0,1229.0,1229.0,1374.0,1374.0,1374.0,948.0,947.0,947.0,0.0,0.0,0.0,3687.0,4122.0,2842.0,0.0
Zimbabwe,ZW,ZWE,716,AFR,2022,71,34.0,1506.0,1506.0,1506.0,1418.0,1417.0,1417.0,1449.0,1449.0,1449.0,1563.0,1563.0,1562.0,4518.0,4252.0,4347.0,4688.0
Zimbabwe,ZW,ZWE,716,AFR,2023,71,34.0,1521.0,1521.0,1521.0,0.0,0.0,0.0,0.0,0.0,0.0,0.0,0.0,0.0,4563.0,0.0,0.0,0.0
